IDpol,ClaimNb,SeverityRowCount,_merge,CountDifference
1,1,0,left_only,1
3,1,0,left_only,1
5,1,0,left_only,1
10,1,0,left_only,1
11,1,0,left_only,1
13,1,0,left_only,1
15,1,0,left_only,1
17,1,0,left_only,1
18,1,0,left_only,1
21,1,0,left_only,1
25,1,0,left_only,1
27,1,0,left_only,1
30,1,0,left_only,1
32,1,0,left_only,1
35,1,0,left_only,1
36,1,0,left_only,1
38,1,0,left_only,1
42,1,0,left_only,1
44,1,0,left_only,1
45,1,0,left_only,1
47,1,0,left_only,1
49,2,0,left_only,2
50,1,0,left_only,1
52,1,0,left_only,1
53,1,0,left_only,1
54,1,0,left_only,1
55,1,0,left_only,1
58,1,0,left_only,1
59,1,0,left_only,1
60,2,0,left_only,2
62,1,0,left_only,1
65,1,0,left_only,1
67,1,0,left_only,1
68,1,0,left_only,1
72,1,0,left_only,1
73,1,0,left_only,1
77,1,0,left_only,1
78,1,0,left_only,1
80,1,0,left_only,1
82,1,0,left_only,1
84,1,0,left_only,1
86,1,0,left_only,1
88,1,0,left_only,1
90,1,0,left_only,1
92,1,0,left_only,1
94,1,0,left_only,1
96,1,0,left_only,1
97,1,0,left_only,1
100,1,0,left_only,1
102,2,0,left_only,2
104,1,0,left_only,1
107,1,0,left_only,1
108,1,0,left_only,1
109,1,0,left_only,1
112,1,0,left_only,1
113,1,0,left_only,1
115,1,0,left_only,1
117,1,0,left_only,1
120,1,0,left_only,1
121,1,0,left_only,1
122,1,0,left_only,1
124,1,0,left_only,1
127,1,0,left_only,1
129,1,0,left_only,1
133,1,0,left_only,1
137,1,0,left_only,1
142,1,0,left_only,1
145,1,0,left_only,1
147,1,0,left_only,1
148,1,0,left_only,1
149,1,0,left_only,1
150,1,0,left_only,1
151,2,0,left_only,2
153,1,0,left_only,1
155,1,0,left_only,1
158,1,0,left_only,1
159,1,0,left_only,1
161,1,0,left_only,1
163,1,0,left_only,1
166,1,0,left_only,1
167,1,0,left_only,1
170,1,0,left_only,1
173,1,0,left_only,1
175,1,0,left_only,1
178,1,0,left_only,1
179,1,0,left_only,1
181,1,0,left_only,1
183,1,0,left_only,1
184,1,0,left_only,1
186,1,0,left_only,1
188,1,0,left_only,1
189,1,0,left_only,1
193,1,0,left_only,1
194,1,0,left_only,1
195,1,0,left_only,1
196,1,0,left_only,1
197,1,0,left_only,1
198,1,0,left_only,1
200,1,0,left_only,1
202,2,0,left_only,2
205,1,0,left_only,1
206,1,0,left_only,1
209,1,0,left_only,1
210,1,0,left_only,1
211,1,0,left_only,1
212,1,0,left_only,1
213,1,0,left_only,1
215,1,0,left_only,1
217,1,0,left_only,1
219,1,0,left_only,1
220,1,0,left_only,1
222,1,0,left_only,1
223,1,0,left_only,1
225,1,0,left_only,1
227,1,0,left_only,1
229,1,0,left_only,1
230,1,0,left_only,1
233,1,0,left_only,1
234,1,0,left_only,1
237,1,0,left_only,1
238,1,0,left_only,1
241,1,0,left_only,1
246,1,0,left_only,1
247,1,0,left_only,1
250,1,0,left_only,1
256,1,0,left_only,1
259,1,0,left_only,1
261,1,0,left_only,1
264,1,0,left_only,1
266,1,0,left_only,1
268,1,0,left_only,1
271,1,0,left_only,1
272,1,0,left_only,1
274,1,0,left_only,1
275,1,0,left_only,1
277,1,0,left_only,1
278,1,0,left_only,1
280,1,0,left_only,1
282,1,0,left_only,1
285,1,0,left_only,1
286,1,0,left_only,1
289,1,0,left_only,1
291,1,0,left_only,1
292,1,0,left_only,1
293,1,0,left_only,1
295,1,0,left_only,1
296,1,0,left_only,1
299,1,0,left_only,1
300,1,0,left_only,1
303,1,0,left_only,1
304,2,0,left_only,2
306,1,0,left_only,1
307,1,0,left_only,1
311,1,0,left_only,1
312,1,0,left_only,1
316,1,0,left_only,1
319,1,0,left_only,1
320,1,0,left_only,1
322,1,0,left_only,1
325,1,0,left_only,1
328,1,0,left_only,1
329,1,0,left_only,1
332,1,0,left_only,1
335,1,0,left_only,1
337,1,0,left_only,1
339,1,0,left_only,1
340,1,0,left_only,1
345,1,0,left_only,1
346,1,0,left_only,1
349,1,0,left_only,1
352,1,0,left_only,1
354,1,0,left_only,1
355,1,0,left_only,1
359,1,0,left_only,1
361,1,0,left_only,1
364,1,0,left_only,1
365,1,0,left_only,1
367,1,0,left_only,1
369,1,0,left_only,1
371,1,0,left_only,1
372,1,0,left_only,1
374,1,0,left_only,1
376,1,0,left_only,1
379,1,0,left_only,1
382,1,0,left_only,1
383,1,0,left_only,1
386,1,0,left_only,1
387,1,0,left_only,1
391,1,0,left_only,1
394,1,0,left_only,1
397,2,0,left_only,2
400,1,0,left_only,1
402,1,0,left_only,1
403,1,0,left_only,1
406,1,0,left_only,1
407,1,0,left_only,1
412,1,0,left_only,1
416,1,0,left_only,1
417,1,0,left_only,1
418,1,0,left_only,1
420,1,0,left_only,1
422,1,0,left_only,1
425,1,0,left_only,1
427,1,0,left_only,1
434,1,0,left_only,1
436,1,0,left_only,1
438,1,0,left_only,1
439,1,0,left_only,1
442,1,0,left_only,1
443,1,0,left_only,1
444,1,0,left_only,1
447,1,0,left_only,1
448,1,0,left_only,1
449,1,0,left_only,1
451,1,0,left_only,1
454,1,0,left_only,1
456,1,0,left_only,1
459,1,0,left_only,1
462,1,0,left_only,1
465,1,0,left_only,1
466,1,0,left_only,1
468,1,0,left_only,1
470,1,0,left_only,1
473,1,0,left_only,1
477,1,0,left_only,1
478,1,0,left_only,1
480,1,0,left_only,1
482,1,0,left_only,1
484,1,0,left_only,1
486,1,0,left_only,1
487,1,0,left_only,1
490,1,0,left_only,1
491,1,0,left_only,1
493,1,0,left_only,1
495,1,0,left_only,1
496,1,0,left_only,1
501,1,0,left_only,1
504,1,0,left_only,1
505,1,0,left_only,1
507,1,0,left_only,1
510,1,0,left_only,1
512,1,0,left_only,1
514,1,0,left_only,1
517,1,0,left_only,1
519,1,0,left_only,1
521,1,0,left_only,1
527,1,0,left_only,1
530,1,0,left_only,1
532,1,0,left_only,1
536,1,0,left_only,1
539,1,0,left_only,1
542,1,0,left_only,1
545,1,0,left_only,1
546,1,0,left_only,1
548,1,0,left_only,1
550,1,0,left_only,1
551,1,0,left_only,1
554,1,0,left_only,1
555,1,0,left_only,1
558,1,0,left_only,1
561,1,0,left_only,1
563,1,0,left_only,1
565,1,0,left_only,1
567,1,0,left_only,1
569,1,0,left_only,1
571,1,0,left_only,1
573,1,0,left_only,1
574,1,0,left_only,1
577,1,0,left_only,1
578,1,0,left_only,1
581,1,0,left_only,1
582,1,0,left_only,1
584,1,0,left_only,1
588,1,0,left_only,1
590,1,0,left_only,1
592,2,0,left_only,2
594,1,0,left_only,1
596,1,0,left_only,1
598,1,0,left_only,1
599,1,0,left_only,1
602,1,0,left_only,1
603,1,0,left_only,1
608,1,0,left_only,1
609,1,0,left_only,1
613,1,0,left_only,1
614,1,0,left_only,1
617,1,0,left_only,1
618,1,0,left_only,1
620,2,0,left_only,2
624,1,0,left_only,1
626,1,0,left_only,1
630,2,0,left_only,2
631,1,0,left_only,1
634,1,0,left_only,1
635,1,0,left_only,1
636,1,0,left_only,1
637,1,0,left_only,1
638,1,0,left_only,1
640,1,0,left_only,1
642,1,0,left_only,1
644,1,0,left_only,1
646,1,0,left_only,1
647,1,0,left_only,1
648,1,0,left_only,1
651,1,0,left_only,1
653,1,0,left_only,1
654,1,0,left_only,1
657,1,0,left_only,1
659,1,0,left_only,1
661,1,0,left_only,1
662,1,0,left_only,1
666,1,0,left_only,1
668,1,0,left_only,1
670,1,0,left_only,1
671,1,0,left_only,1
676,1,0,left_only,1
677,1,0,left_only,1
679,1,0,left_only,1
680,1,0,left_only,1
681,1,0,left_only,1
685,1,0,left_only,1
687,1,0,left_only,1
688,1,0,left_only,1
692,1,0,left_only,1
694,1,0,left_only,1
696,1,0,left_only,1
698,1,0,left_only,1
700,1,0,left_only,1
702,1,0,left_only,1
704,1,0,left_only,1
706,1,0,left_only,1
708,1,0,left_only,1
709,1,0,left_only,1
711,1,0,left_only,1
714,1,0,left_only,1
715,1,0,left_only,1
717,1,0,left_only,1
719,1,0,left_only,1
722,1,0,left_only,1
723,1,0,left_only,1
724,1,0,left_only,1
726,1,0,left_only,1
730,1,0,left_only,1
731,1,0,left_only,1
732,2,0,left_only,2
734,1,0,left_only,1
738,1,0,left_only,1
739,1,0,left_only,1
742,1,0,left_only,1
745,1,0,left_only,1
746,1,0,left_only,1
748,1,0,left_only,1
750,1,0,left_only,1
754,1,0,left_only,1
755,1,0,left_only,1
756,1,0,left_only,1
758,1,0,left_only,1
759,1,0,left_only,1
762,1,0,left_only,1
765,1,0,left_only,1
768,1,0,left_only,1
769,1,0,left_only,1
771,1,0,left_only,1
772,1,0,left_only,1
773,1,0,left_only,1
776,1,0,left_only,1
778,2,0,left_only,2
780,1,0,left_only,1
782,1,0,left_only,1
784,1,0,left_only,1
785,1,0,left_only,1
789,1,0,left_only,1
790,1,0,left_only,1
793,1,0,left_only,1
795,1,0,left_only,1
798,1,0,left_only,1
799,1,0,left_only,1
802,1,0,left_only,1
805,1,0,left_only,1
807,1,0,left_only,1
809,1,0,left_only,1
813,1,0,left_only,1
816,1,0,left_only,1
818,1,0,left_only,1
820,1,0,left_only,1
822,1,0,left_only,1
827,1,0,left_only,1
829,1,0,left_only,1
833,1,0,left_only,1
834,1,0,left_only,1
837,1,0,left_only,1
838,1,0,left_only,1
841,1,0,left_only,1
842,1,0,left_only,1
845,1,0,left_only,1
849,1,0,left_only,1
850,1,0,left_only,1
852,1,0,left_only,1
853,1,0,left_only,1
854,1,0,left_only,1
856,1,0,left_only,1
859,1,0,left_only,1
861,1,0,left_only,1
863,1,0,left_only,1
865,1,0,left_only,1
867,1,0,left_only,1
870,1,0,left_only,1
872,1,0,left_only,1
874,1,0,left_only,1
876,1,0,left_only,1
878,1,0,left_only,1
880,1,0,left_only,1
882,1,0,left_only,1
884,1,0,left_only,1
886,1,0,left_only,1
887,1,0,left_only,1
889,1,0,left_only,1
890,1,0,left_only,1
892,1,0,left_only,1
895,1,0,left_only,1
896,1,0,left_only,1
901,1,0,left_only,1
902,1,0,left_only,1
905,1,0,left_only,1
908,1,0,left_only,1
910,1,0,left_only,1
911,1,0,left_only,1
912,1,0,left_only,1
913,2,0,left_only,2
915,1,0,left_only,1
918,1,0,left_only,1
920,1,0,left_only,1
921,1,0,left_only,1
925,1,0,left_only,1
926,1,0,left_only,1
928,1,0,left_only,1
931,1,0,left_only,1
932,1,0,left_only,1
933,1,0,left_only,1
937,1,0,left_only,1
939,1,0,left_only,1
940,1,0,left_only,1
941,1,0,left_only,1
943,1,0,left_only,1
944,1,0,left_only,1
947,1,0,left_only,1
948,1,0,left_only,1
951,1,0,left_only,1
953,1,0,left_only,1
954,1,0,left_only,1
956,1,0,left_only,1
959,1,0,left_only,1
961,1,0,left_only,1
963,1,0,left_only,1
965,1,0,left_only,1
968,1,0,left_only,1
969,1,0,left_only,1
971,1,0,left_only,1
972,1,0,left_only,1
976,2,0,left_only,2
979,1,0,left_only,1
980,1,0,left_only,1
982,1,0,left_only,1
984,1,0,left_only,1
987,1,0,left_only,1
990,1,0,left_only,1
992,1,0,left_only,1
995,1,0,left_only,1
996,1,0,left_only,1
999,2,0,left_only,2
1000,1,0,left_only,1
1003,1,0,left_only,1
1005,1,0,left_only,1
1010,1,0,left_only,1
1014,1,0,left_only,1
1015,1,0,left_only,1
1020,2,0,left_only,2
1021,1,0,left_only,1
1024,1,0,left_only,1
1025,1,0,left_only,1
1028,1,0,left_only,1
1029,1,0,left_only,1
1030,1,0,left_only,1
1032,1,0,left_only,1
1035,1,0,left_only,1
1037,1,0,left_only,1
1039,1,0,left_only,1
1040,1,0,left_only,1
1043,1,0,left_only,1
1045,1,0,left_only,1
1047,1,0,left_only,1
1049,1,0,left_only,1
1052,1,0,left_only,1
1053,1,0,left_only,1
1056,2,0,left_only,2
1057,1,0,left_only,1
1062,2,0,left_only,2
1063,1,0,left_only,1
1066,1,0,left_only,1
1067,1,0,left_only,1
1070,1,0,left_only,1
1073,1,0,left_only,1
1075,1,0,left_only,1
1077,1,0,left_only,1
1079,1,0,left_only,1
1081,1,0,left_only,1
1082,1,0,left_only,1
1083,1,0,left_only,1
1085,1,0,left_only,1
1087,1,0,left_only,1
1088,1,0,left_only,1
1090,1,0,left_only,1
1092,1,0,left_only,1
1094,1,0,left_only,1
1095,1,0,left_only,1
1097,1,0,left_only,1
1098,1,0,left_only,1
1100,1,0,left_only,1
1102,1,0,left_only,1
1104,1,0,left_only,1
1105,1,0,left_only,1
1107,1,0,left_only,1
1109,1,0,left_only,1
1110,1,0,left_only,1
1112,1,0,left_only,1
1113,1,0,left_only,1
1116,1,0,left_only,1
1120,1,0,left_only,1
1121,1,0,left_only,1
1123,1,0,left_only,1
1125,1,0,left_only,1
1129,1,0,left_only,1
1131,1,0,left_only,1
1134,1,0,left_only,1
1136,1,0,left_only,1
1137,1,0,left_only,1
1139,1,0,left_only,1
1140,1,0,left_only,1
1141,1,0,left_only,1
1143,1,0,left_only,1
1144,1,0,left_only,1
1147,4,0,left_only,4
1148,1,0,left_only,1
1151,1,0,left_only,1
1153,1,0,left_only,1
1155,1,0,left_only,1
1158,1,0,left_only,1
1162,1,0,left_only,1
1165,1,0,left_only,1
1166,1,0,left_only,1
1169,2,0,left_only,2
1172,1,0,left_only,1
1174,1,0,left_only,1
1176,1,0,left_only,1
1178,1,0,left_only,1
1180,1,0,left_only,1
1182,1,0,left_only,1
1185,1,0,left_only,1
1187,1,0,left_only,1
1189,1,0,left_only,1
1190,1,0,left_only,1
1192,1,0,left_only,1
1195,1,0,left_only,1
1197,1,0,left_only,1
1200,1,0,left_only,1
1204,1,0,left_only,1
1205,1,0,left_only,1
1207,1,0,left_only,1
1208,1,0,left_only,1
1211,1,0,left_only,1
1212,1,0,left_only,1
1214,1,0,left_only,1
1215,1,0,left_only,1
1216,1,0,left_only,1
1219,1,0,left_only,1
1221,1,0,left_only,1
1223,1,0,left_only,1
1228,1,0,left_only,1
1230,1,0,left_only,1
1232,1,0,left_only,1
1235,1,0,left_only,1
1237,1,0,left_only,1
1238,1,0,left_only,1
1239,2,0,left_only,2
1240,1,0,left_only,1
1243,2,0,left_only,2
1245,1,0,left_only,1
1246,1,0,left_only,1
1248,1,0,left_only,1
1250,1,0,left_only,1
1253,1,0,left_only,1
1254,1,0,left_only,1
1258,1,0,left_only,1
1260,1,0,left_only,1
1261,1,0,left_only,1
1264,1,0,left_only,1
1265,1,0,left_only,1
1266,1,0,left_only,1
1268,1,0,left_only,1
1270,1,0,left_only,1
1271,2,0,left_only,2
1273,1,0,left_only,1
1275,1,0,left_only,1
1276,1,0,left_only,1
1278,1,0,left_only,1
1282,1,0,left_only,1
1283,1,0,left_only,1
1286,1,0,left_only,1
1287,1,0,left_only,1
1288,1,0,left_only,1
1290,1,0,left_only,1
1292,1,0,left_only,1
1295,1,0,left_only,1
1296,1,0,left_only,1
1297,1,0,left_only,1
1299,1,0,left_only,1
1303,1,0,left_only,1
1304,1,0,left_only,1
1306,1,0,left_only,1
1308,1,0,left_only,1
1309,1,0,left_only,1
1311,1,0,left_only,1
1314,1,0,left_only,1
1316,1,0,left_only,1
1318,2,0,left_only,2
1322,1,0,left_only,1
1325,1,0,left_only,1
1327,1,0,left_only,1
1330,1,0,left_only,1
1333,1,0,left_only,1
1334,1,0,left_only,1
1335,1,0,left_only,1
1337,1,0,left_only,1
1339,1,0,left_only,1
1341,1,0,left_only,1
1344,1,0,left_only,1
1346,1,0,left_only,1
1351,1,0,left_only,1
1354,1,0,left_only,1
1357,1,0,left_only,1
1358,1,0,left_only,1
1361,1,0,left_only,1
1362,1,0,left_only,1
1364,1,0,left_only,1
1366,1,0,left_only,1
1368,1,0,left_only,1
1370,1,0,left_only,1
1372,1,0,left_only,1
1374,1,0,left_only,1
1376,1,0,left_only,1
1378,1,0,left_only,1
1381,1,0,left_only,1
1383,1,0,left_only,1
1386,1,0,left_only,1
1387,1,0,left_only,1
1389,1,0,left_only,1
1391,1,0,left_only,1
1394,1,0,left_only,1
1397,1,0,left_only,1
1399,1,0,left_only,1
1402,1,0,left_only,1
1403,1,0,left_only,1
1405,1,0,left_only,1
1406,1,0,left_only,1
1407,1,0,left_only,1
1409,1,0,left_only,1
1410,1,0,left_only,1
1412,1,0,left_only,1
1416,1,0,left_only,1
1417,1,0,left_only,1
1419,1,0,left_only,1
1421,1,0,left_only,1
1423,1,0,left_only,1
1425,1,0,left_only,1
1427,1,0,left_only,1
1429,1,0,left_only,1
1430,1,0,left_only,1
1434,1,0,left_only,1
1435,2,0,left_only,2
1437,1,0,left_only,1
1440,1,0,left_only,1
1442,1,0,left_only,1
1445,1,0,left_only,1
1447,1,0,left_only,1
1448,1,0,left_only,1
1450,1,0,left_only,1
1453,1,0,left_only,1
1457,1,0,left_only,1
1458,1,0,left_only,1
1461,2,0,left_only,2
1464,1,0,left_only,1
1466,1,0,left_only,1
1468,1,0,left_only,1
1469,1,0,left_only,1
1472,1,0,left_only,1
1473,1,0,left_only,1
1476,1,0,left_only,1
1478,1,0,left_only,1
1480,1,0,left_only,1
1483,1,0,left_only,1
1486,1,0,left_only,1
1487,2,0,left_only,2
1489,1,0,left_only,1
1490,1,0,left_only,1
1492,1,0,left_only,1
1493,1,0,left_only,1
1495,1,0,left_only,1
1497,1,0,left_only,1
1499,1,0,left_only,1
1503,1,0,left_only,1
1505,1,0,left_only,1
1510,1,0,left_only,1
1513,1,0,left_only,1
1514,1,0,left_only,1
1515,1,0,left_only,1
1517,1,0,left_only,1
1522,1,0,left_only,1
1523,1,0,left_only,1
1525,1,0,left_only,1
1528,1,0,left_only,1
1530,1,0,left_only,1
1531,1,0,left_only,1
1535,1,0,left_only,1
1537,1,0,left_only,1
1539,1,0,left_only,1
1541,1,0,left_only,1
1542,1,0,left_only,1
1544,1,0,left_only,1
1545,1,0,left_only,1
1547,1,0,left_only,1
1551,1,0,left_only,1
1554,1,0,left_only,1
1558,1,0,left_only,1
1559,1,0,left_only,1
1561,1,0,left_only,1
1563,1,0,left_only,1
1565,1,0,left_only,1
1567,1,0,left_only,1
1569,1,0,left_only,1
1572,1,0,left_only,1
1573,1,0,left_only,1
1576,1,0,left_only,1
1579,1,0,left_only,1
1580,1,0,left_only,1
1582,1,0,left_only,1
1584,1,0,left_only,1
1587,1,0,left_only,1
1590,1,0,left_only,1
1592,1,0,left_only,1
1594,1,0,left_only,1
1596,1,0,left_only,1
1597,1,0,left_only,1
1599,1,0,left_only,1
1601,1,0,left_only,1
1602,1,0,left_only,1
1605,1,0,left_only,1
1608,1,0,left_only,1
1609,1,0,left_only,1
1611,1,0,left_only,1
1613,1,0,left_only,1
1614,2,0,left_only,2
1617,1,0,left_only,1
1619,1,0,left_only,1
1622,1,0,left_only,1
1623,1,0,left_only,1
1625,1,0,left_only,1
1626,1,0,left_only,1
1628,1,0,left_only,1
1629,1,0,left_only,1
1632,1,0,left_only,1
1634,1,0,left_only,1
1637,1,0,left_only,1
1639,1,0,left_only,1
1640,1,0,left_only,1
1642,1,0,left_only,1
1645,1,0,left_only,1
1648,1,0,left_only,1
1649,1,0,left_only,1
1652,1,0,left_only,1
1653,3,0,left_only,3
1658,1,0,left_only,1
1660,1,0,left_only,1
1665,2,0,left_only,2
1668,1,0,left_only,1
1672,1,0,left_only,1
1676,1,0,left_only,1
1677,1,0,left_only,1
1678,1,0,left_only,1
1681,1,0,left_only,1
1683,1,0,left_only,1
1685,1,0,left_only,1
1686,1,0,left_only,1
1689,1,0,left_only,1
1692,1,0,left_only,1
1693,1,0,left_only,1
1696,1,0,left_only,1
1697,1,0,left_only,1
1698,1,0,left_only,1
1700,1,0,left_only,1
1702,1,0,left_only,1
1704,1,0,left_only,1
1707,1,0,left_only,1
1709,1,0,left_only,1
1712,1,0,left_only,1
1716,1,0,left_only,1
1717,1,0,left_only,1
1720,1,0,left_only,1
1723,1,0,left_only,1
1724,1,0,left_only,1
1727,1,0,left_only,1
1729,1,0,left_only,1
1731,1,0,left_only,1
1732,1,0,left_only,1
1733,1,0,left_only,1
1734,1,0,left_only,1
1737,1,0,left_only,1
1738,1,0,left_only,1
1739,1,0,left_only,1
1743,1,0,left_only,1
1745,1,0,left_only,1
1746,1,0,left_only,1
1752,1,0,left_only,1
1754,1,0,left_only,1
1755,1,0,left_only,1
1758,1,0,left_only,1
1760,1,0,left_only,1
1763,1,0,left_only,1
1764,1,0,left_only,1
1767,1,0,left_only,1
1768,1,0,left_only,1
1769,1,0,left_only,1
1771,1,0,left_only,1
1773,1,0,left_only,1
1775,1,0,left_only,1
1777,1,0,left_only,1
1779,1,0,left_only,1
1781,1,0,left_only,1
1785,1,0,left_only,1
1786,1,0,left_only,1
1787,1,0,left_only,1
1789,1,0,left_only,1
1792,1,0,left_only,1
1793,1,0,left_only,1
1794,1,0,left_only,1
1795,1,0,left_only,1
1799,1,0,left_only,1
1801,1,0,left_only,1
1804,1,0,left_only,1
1805,1,0,left_only,1
1807,1,0,left_only,1
1809,1,0,left_only,1
1811,1,0,left_only,1
1812,1,0,left_only,1
1817,1,0,left_only,1
1818,1,0,left_only,1
1820,1,0,left_only,1
1821,1,0,left_only,1
1823,1,0,left_only,1
1825,1,0,left_only,1
1829,1,0,left_only,1
1832,1,0,left_only,1
1836,1,0,left_only,1
1838,1,0,left_only,1
1840,1,0,left_only,1
1842,1,0,left_only,1
1844,1,0,left_only,1
1846,1,0,left_only,1
1848,1,0,left_only,1
1852,1,0,left_only,1
1853,1,0,left_only,1
1856,1,0,left_only,1
1857,1,0,left_only,1
1860,1,0,left_only,1
1861,1,0,left_only,1
1862,1,0,left_only,1
1863,1,0,left_only,1
1866,1,0,left_only,1
1868,1,0,left_only,1
1876,1,0,left_only,1
1878,1,0,left_only,1
1880,1,0,left_only,1
1883,1,0,left_only,1
1886,1,0,left_only,1
1887,1,0,left_only,1
1889,1,0,left_only,1
1891,1,0,left_only,1
1894,1,0,left_only,1
1895,1,0,left_only,1
1898,1,0,left_only,1
1899,1,0,left_only,1
1901,1,0,left_only,1
1903,1,0,left_only,1
1905,1,0,left_only,1
1906,1,0,left_only,1
1908,1,0,left_only,1
1910,1,0,left_only,1
1913,1,0,left_only,1
1916,2,0,left_only,2
1917,1,0,left_only,1
1919,2,0,left_only,2
1921,1,0,left_only,1
1923,1,0,left_only,1
1925,2,0,left_only,2
1929,1,0,left_only,1
1930,1,0,left_only,1
1933,1,0,left_only,1
1935,1,0,left_only,1
1937,1,0,left_only,1
1940,1,0,left_only,1
1941,1,0,left_only,1
1943,1,0,left_only,1
1944,1,0,left_only,1
1945,1,0,left_only,1
1948,1,0,left_only,1
1949,1,0,left_only,1
1951,1,0,left_only,1
1953,1,0,left_only,1
1954,3,0,left_only,3
1955,1,0,left_only,1
1957,1,0,left_only,1
1959,2,0,left_only,2
1961,1,0,left_only,1
1964,1,0,left_only,1
1970,1,0,left_only,1
1973,1,0,left_only,1
1974,1,0,left_only,1
1977,1,0,left_only,1
1978,1,0,left_only,1
1981,1,0,left_only,1
1983,1,0,left_only,1
1986,1,0,left_only,1
1987,1,0,left_only,1
1988,1,0,left_only,1
1991,1,0,left_only,1
1992,1,0,left_only,1
1994,1,0,left_only,1
1995,1,0,left_only,1
1998,1,0,left_only,1
2000,1,0,left_only,1
2002,1,0,left_only,1
2003,1,0,left_only,1
2004,1,0,left_only,1
2007,1,0,left_only,1
2010,1,0,left_only,1
2012,1,0,left_only,1
2014,1,0,left_only,1
2015,1,0,left_only,1
2016,2,0,left_only,2
2019,1,0,left_only,1
2020,1,0,left_only,1
2023,1,0,left_only,1
2024,1,0,left_only,1
2026,1,0,left_only,1
2027,1,0,left_only,1
2029,1,0,left_only,1
2030,1,0,left_only,1
2032,1,0,left_only,1
2035,1,0,left_only,1
2036,1,0,left_only,1
2039,1,0,left_only,1
2041,1,0,left_only,1
2043,1,0,left_only,1
2044,1,0,left_only,1
2049,1,0,left_only,1
2053,1,0,left_only,1
2055,1,0,left_only,1
2056,1,0,left_only,1
2060,1,0,left_only,1
2062,1,0,left_only,1
2064,1,0,left_only,1
2066,1,0,left_only,1
2067,1,0,left_only,1
2069,1,0,left_only,1
2071,1,0,left_only,1
2073,1,0,left_only,1
2074,1,0,left_only,1
2077,1,0,left_only,1
2080,1,0,left_only,1
2081,1,0,left_only,1
2084,1,0,left_only,1
2087,1,0,left_only,1
2091,2,0,left_only,2
2092,1,0,left_only,1
2094,1,0,left_only,1
2095,1,0,left_only,1
2097,1,0,left_only,1
2098,1,0,left_only,1
2100,1,0,left_only,1
2104,1,0,left_only,1
2106,1,0,left_only,1
2108,1,0,left_only,1
2110,1,0,left_only,1
2112,1,0,left_only,1
2113,1,0,left_only,1
2116,1,0,left_only,1
2118,1,0,left_only,1
2120,1,0,left_only,1
2123,1,0,left_only,1
2125,1,0,left_only,1
2129,1,0,left_only,1
2131,1,0,left_only,1
2134,1,0,left_only,1
2135,1,0,left_only,1
2137,1,0,left_only,1
2142,1,0,left_only,1
2144,1,0,left_only,1
2146,2,0,left_only,2
2148,1,0,left_only,1
2150,1,0,left_only,1
2151,1,0,left_only,1
2154,1,0,left_only,1
2155,1,0,left_only,1
2158,1,0,left_only,1
2161,1,0,left_only,1
2164,1,0,left_only,1
2169,1,0,left_only,1
2171,1,0,left_only,1
2173,1,0,left_only,1
2175,2,0,left_only,2
2176,1,0,left_only,1
2179,1,0,left_only,1
2180,1,0,left_only,1
2183,1,0,left_only,1
2184,1,0,left_only,1
2186,1,0,left_only,1
2187,1,0,left_only,1
2190,1,0,left_only,1
2191,1,0,left_only,1
2194,1,0,left_only,1
2196,1,0,left_only,1
2197,1,0,left_only,1
2201,1,0,left_only,1
2202,1,0,left_only,1
2205,1,0,left_only,1
2207,1,0,left_only,1
2209,2,0,left_only,2
2211,1,0,left_only,1
2213,2,0,left_only,2
2214,1,0,left_only,1
2217,1,0,left_only,1
2218,1,0,left_only,1
2224,1,0,left_only,1
2225,1,0,left_only,1
2226,1,0,left_only,1
2227,1,0,left_only,1
2229,1,0,left_only,1
2230,1,0,left_only,1
2233,1,0,left_only,1
2234,1,0,left_only,1
2235,1,0,left_only,1
2238,1,0,left_only,1
2240,1,0,left_only,1
2241,1,0,left_only,1
2242,1,0,left_only,1
2244,1,0,left_only,1
2246,1,0,left_only,1
2248,1,0,left_only,1
2249,1,0,left_only,1
2251,1,0,left_only,1
2253,1,0,left_only,1
2255,1,0,left_only,1
2256,1,0,left_only,1
2257,1,0,left_only,1
2258,2,0,left_only,2
2260,1,0,left_only,1
2262,1,0,left_only,1
2263,1,0,left_only,1
2265,1,0,left_only,1
2267,1,0,left_only,1
2269,1,0,left_only,1
2270,1,0,left_only,1
2273,1,0,left_only,1
2274,1,0,left_only,1
2275,1,0,left_only,1
2278,1,0,left_only,1
2280,1,0,left_only,1
2282,1,0,left_only,1
2286,1,0,left_only,1
2287,1,0,left_only,1
2290,1,0,left_only,1
2291,1,0,left_only,1
2292,1,0,left_only,1
2295,1,0,left_only,1
2296,1,0,left_only,1
2300,1,0,left_only,1
2301,1,0,left_only,1
2302,1,0,left_only,1
2304,1,0,left_only,1
2305,1,0,left_only,1
2307,1,0,left_only,1
2309,1,0,left_only,1
2314,1,0,left_only,1
2315,1,0,left_only,1
2318,1,0,left_only,1
2319,2,0,left_only,2
2322,1,0,left_only,1
2323,1,0,left_only,1
2325,1,0,left_only,1
2326,1,0,left_only,1
2328,1,0,left_only,1
2332,1,0,left_only,1
2335,1,0,left_only,1
2337,1,0,left_only,1
2339,1,0,left_only,1
2340,1,0,left_only,1
2342,1,0,left_only,1
2344,1,0,left_only,1
2348,1,0,left_only,1
2350,2,0,left_only,2
2352,1,0,left_only,1
2353,1,0,left_only,1
2355,1,0,left_only,1
2356,1,0,left_only,1
2358,1,0,left_only,1
2360,1,0,left_only,1
2365,1,0,left_only,1
2367,1,0,left_only,1
2370,1,0,left_only,1
2372,1,0,left_only,1
2373,1,0,left_only,1
2378,1,0,left_only,1
2379,1,0,left_only,1
2382,1,0,left_only,1
2385,1,0,left_only,1
2386,1,0,left_only,1
2389,1,0,left_only,1
2390,1,0,left_only,1
2393,1,0,left_only,1
2395,1,0,left_only,1
2396,1,0,left_only,1
2399,1,0,left_only,1
2401,1,0,left_only,1
2402,1,0,left_only,1
2404,2,0,left_only,2
2405,1,0,left_only,1
2408,1,0,left_only,1
2409,1,0,left_only,1
2410,1,0,left_only,1
2413,1,0,left_only,1
2415,1,0,left_only,1
2418,1,0,left_only,1
2419,1,0,left_only,1
2422,2,0,left_only,2
2424,1,0,left_only,1
2426,1,0,left_only,1
2427,1,0,left_only,1
2428,1,0,left_only,1
2430,1,0,left_only,1
2432,1,0,left_only,1
2435,1,0,left_only,1
2436,1,0,left_only,1
2439,1,0,left_only,1
2440,1,0,left_only,1
2442,1,0,left_only,1
2444,1,0,left_only,1
2445,1,0,left_only,1
2447,1,0,left_only,1
2450,1,0,left_only,1
2452,2,0,left_only,2
2454,1,0,left_only,1
2456,1,0,left_only,1
2458,1,0,left_only,1
2459,1,0,left_only,1
2461,1,0,left_only,1
2462,1,0,left_only,1
2464,1,0,left_only,1
2466,1,0,left_only,1
2468,1,0,left_only,1
2472,2,0,left_only,2
2475,1,0,left_only,1
2476,1,0,left_only,1
2479,1,0,left_only,1
2481,1,0,left_only,1
2483,1,0,left_only,1
2485,1,0,left_only,1
2487,1,0,left_only,1
2491,1,0,left_only,1
2494,1,0,left_only,1
2496,1,0,left_only,1
2499,1,0,left_only,1
2502,1,0,left_only,1
2503,1,0,left_only,1
2505,1,0,left_only,1
2507,1,0,left_only,1
2508,1,0,left_only,1
2512,2,0,left_only,2
2514,1,0,left_only,1
2517,1,0,left_only,1
2518,2,0,left_only,2
2523,1,0,left_only,1
2525,1,0,left_only,1
2526,1,0,left_only,1
2528,1,0,left_only,1
2530,1,0,left_only,1
2531,1,0,left_only,1
2533,1,0,left_only,1
2535,1,0,left_only,1
2537,1,0,left_only,1
2539,1,0,left_only,1
2541,1,0,left_only,1
2544,1,0,left_only,1
2546,1,0,left_only,1
2548,1,0,left_only,1
2550,1,0,left_only,1
2555,1,0,left_only,1
2556,1,0,left_only,1
2559,1,0,left_only,1
2560,1,0,left_only,1
2561,1,0,left_only,1
2563,1,0,left_only,1
2566,1,0,left_only,1
2568,1,0,left_only,1
2571,2,0,left_only,2
2574,1,0,left_only,1
2576,1,0,left_only,1
2579,1,0,left_only,1
2581,1,0,left_only,1
2583,1,0,left_only,1
2585,1,0,left_only,1
2587,1,0,left_only,1
2588,1,0,left_only,1
2590,1,0,left_only,1
2591,1,0,left_only,1
2593,1,0,left_only,1
2594,1,0,left_only,1
2595,1,0,left_only,1
2597,1,0,left_only,1
2604,1,0,left_only,1
2608,1,0,left_only,1
2609,1,0,left_only,1
2612,1,0,left_only,1
2613,1,0,left_only,1
2616,1,0,left_only,1
2618,1,0,left_only,1
2619,1,0,left_only,1
2621,1,0,left_only,1
2625,1,0,left_only,1
2626,1,0,left_only,1
2630,1,0,left_only,1
2631,1,0,left_only,1
2634,1,0,left_only,1
2635,1,0,left_only,1
2637,1,0,left_only,1
2638,1,0,left_only,1
2641,1,0,left_only,1
2642,1,0,left_only,1
2644,1,0,left_only,1
2646,1,0,left_only,1
2648,1,0,left_only,1
2650,1,0,left_only,1
2652,1,0,left_only,1
2655,1,0,left_only,1
2659,1,0,left_only,1
2661,1,0,left_only,1
2663,2,0,left_only,2
2665,1,0,left_only,1
2667,1,0,left_only,1
2671,1,0,left_only,1
2674,1,0,left_only,1
2675,1,0,left_only,1
2678,1,0,left_only,1
2679,1,0,left_only,1
2682,1,0,left_only,1
2683,1,0,left_only,1
2685,1,0,left_only,1
2686,1,0,left_only,1
2691,1,0,left_only,1
2692,1,0,left_only,1
2693,1,0,left_only,1
2697,1,0,left_only,1
2699,1,0,left_only,1
2701,1,0,left_only,1
2702,1,0,left_only,1
2705,1,0,left_only,1
2707,1,0,left_only,1
2709,1,0,left_only,1
2712,1,0,left_only,1
2713,1,0,left_only,1
2715,1,0,left_only,1
2717,1,0,left_only,1
2719,1,0,left_only,1
2721,1,0,left_only,1
2722,1,0,left_only,1
2724,1,0,left_only,1
2726,1,0,left_only,1
2728,1,0,left_only,1
2731,1,0,left_only,1
2732,1,0,left_only,1
2735,1,0,left_only,1
2736,1,0,left_only,1
2739,1,0,left_only,1
2740,1,0,left_only,1
2742,1,0,left_only,1
2744,1,0,left_only,1
2746,2,0,left_only,2
2748,1,0,left_only,1
2750,1,0,left_only,1
2753,1,0,left_only,1
2754,1,0,left_only,1
2758,1,0,left_only,1
2759,1,0,left_only,1
2763,1,0,left_only,1
2764,1,0,left_only,1
2765,1,0,left_only,1
2767,1,0,left_only,1
2769,1,0,left_only,1
2770,1,0,left_only,1
2771,1,0,left_only,1
2774,1,0,left_only,1
2778,1,0,left_only,1
2780,1,0,left_only,1
2782,1,0,left_only,1
2784,1,0,left_only,1
2787,1,0,left_only,1
2790,1,0,left_only,1
2793,1,0,left_only,1
2795,1,0,left_only,1
2797,1,0,left_only,1
2799,1,0,left_only,1
2800,1,0,left_only,1
2803,1,0,left_only,1
2804,1,0,left_only,1
2806,1,0,left_only,1
2809,1,0,left_only,1
2812,1,0,left_only,1
2815,1,0,left_only,1
2816,1,0,left_only,1
2819,1,0,left_only,1
2820,1,0,left_only,1
2823,1,0,left_only,1
2824,1,0,left_only,1
2827,1,0,left_only,1
2828,1,0,left_only,1
2831,1,0,left_only,1
2832,1,0,left_only,1
2835,1,0,left_only,1
2836,1,0,left_only,1
2838,1,0,left_only,1
2839,1,0,left_only,1
2842,1,0,left_only,1
2843,2,0,left_only,2
2844,1,0,left_only,1
2845,1,0,left_only,1
2847,1,0,left_only,1
2848,1,0,left_only,1
2851,1,0,left_only,1
2853,1,0,left_only,1
2858,1,0,left_only,1
2859,1,0,left_only,1
2862,1,0,left_only,1
2865,1,0,left_only,1
2866,1,0,left_only,1
2867,1,0,left_only,1
2871,1,0,left_only,1
2873,1,0,left_only,1
2874,1,0,left_only,1
2878,1,0,left_only,1
2879,1,0,left_only,1
2882,1,0,left_only,1
2883,1,0,left_only,1
2885,1,0,left_only,1
2887,1,0,left_only,1
2890,1,0,left_only,1
2891,1,0,left_only,1
2894,1,0,left_only,1
2895,1,0,left_only,1
2898,1,0,left_only,1
2899,1,0,left_only,1
2901,1,0,left_only,1
2905,1,0,left_only,1
2907,1,0,left_only,1
2909,1,0,left_only,1
2911,1,0,left_only,1
2913,1,0,left_only,1
2914,1,0,left_only,1
2916,1,0,left_only,1
2918,1,0,left_only,1
2920,1,0,left_only,1
2922,2,0,left_only,2
2924,1,0,left_only,1
2927,1,0,left_only,1
2928,1,0,left_only,1
2933,1,0,left_only,1
2934,1,0,left_only,1
2937,1,0,left_only,1
2939,1,0,left_only,1
2940,1,0,left_only,1
2942,1,0,left_only,1
2943,1,0,left_only,1
2945,1,0,left_only,1
2948,1,0,left_only,1
2949,1,0,left_only,1
2951,1,0,left_only,1
2952,1,0,left_only,1
2955,2,0,left_only,2
2956,1,0,left_only,1
2959,1,0,left_only,1
2960,1,0,left_only,1
2963,1,0,left_only,1
2964,1,0,left_only,1
2966,1,0,left_only,1
2967,1,0,left_only,1
2971,1,0,left_only,1
2974,1,0,left_only,1
2975,1,0,left_only,1
2977,1,0,left_only,1
2979,1,0,left_only,1
2980,1,0,left_only,1
2983,1,0,left_only,1
2984,1,0,left_only,1
2987,1,0,left_only,1
2988,1,0,left_only,1
2994,1,0,left_only,1
2997,1,0,left_only,1
2998,1,0,left_only,1
3000,1,0,left_only,1
3002,1,0,left_only,1
3003,1,0,left_only,1
3004,1,0,left_only,1
3007,2,0,left_only,2
3008,1,0,left_only,1
3011,1,0,left_only,1
3013,1,0,left_only,1
3014,1,0,left_only,1
3017,1,0,left_only,1
3018,1,0,left_only,1
3020,1,0,left_only,1
3023,1,0,left_only,1
3024,1,0,left_only,1
3025,1,0,left_only,1
3027,1,0,left_only,1
3030,1,0,left_only,1
3033,1,0,left_only,1
3034,1,0,left_only,1
3035,1,0,left_only,1
3036,1,0,left_only,1
3040,1,0,left_only,1
3041,1,0,left_only,1
3043,1,0,left_only,1
3048,1,0,left_only,1
3052,1,0,left_only,1
3054,1,0,left_only,1
3057,1,0,left_only,1
3059,1,0,left_only,1
3061,1,0,left_only,1
3064,1,0,left_only,1
3067,1,0,left_only,1
3068,1,0,left_only,1
3071,1,0,left_only,1
3073,1,0,left_only,1
3075,1,0,left_only,1
3077,1,0,left_only,1
3079,1,0,left_only,1
3080,2,0,left_only,2
3082,1,0,left_only,1
3084,1,0,left_only,1
3086,1,0,left_only,1
3088,1,0,left_only,1
3089,1,0,left_only,1
3092,1,0,left_only,1
3093,1,0,left_only,1
3095,1,0,left_only,1
3098,1,0,left_only,1
3100,1,0,left_only,1
3101,1,0,left_only,1
3102,1,0,left_only,1
3103,1,0,left_only,1
3105,1,0,left_only,1
3106,1,0,left_only,1
3110,1,0,left_only,1
3112,1,0,left_only,1
3113,1,0,left_only,1
3115,1,0,left_only,1
3117,1,0,left_only,1
3120,2,0,left_only,2
3122,1,0,left_only,1
3124,1,0,left_only,1
3127,1,0,left_only,1
3128,1,0,left_only,1
3130,1,0,left_only,1
3134,1,0,left_only,1
3136,1,0,left_only,1
3138,1,0,left_only,1
3139,1,0,left_only,1
3142,1,0,left_only,1
3145,1,0,left_only,1
3149,1,0,left_only,1
3153,1,0,left_only,1
3155,1,0,left_only,1
3156,1,0,left_only,1
3158,1,0,left_only,1
3159,1,0,left_only,1
3162,1,0,left_only,1
3164,1,0,left_only,1
3166,1,0,left_only,1
3167,1,0,left_only,1
3170,1,0,left_only,1
3171,1,0,left_only,1
3174,1,0,left_only,1
3176,1,0,left_only,1
3178,1,0,left_only,1
3180,1,0,left_only,1
3182,1,0,left_only,1
3184,1,0,left_only,1
3186,1,0,left_only,1
3187,1,0,left_only,1
3189,1,0,left_only,1
3191,1,0,left_only,1
3193,1,0,left_only,1
3195,1,0,left_only,1
3196,1,0,left_only,1
3199,1,0,left_only,1
3200,1,0,left_only,1
3201,1,0,left_only,1
3204,1,0,left_only,1
3206,1,0,left_only,1
3208,1,0,left_only,1
3210,1,0,left_only,1
3212,1,0,left_only,1
3213,1,0,left_only,1
3216,1,0,left_only,1
3217,1,0,left_only,1
3218,1,0,left_only,1
3219,1,0,left_only,1
3222,1,0,left_only,1
3223,1,0,left_only,1
3230,1,0,left_only,1
3233,1,0,left_only,1
3237,1,0,left_only,1
3239,1,0,left_only,1
3241,1,0,left_only,1
3243,1,0,left_only,1
3245,1,0,left_only,1
3246,1,0,left_only,1
3248,1,0,left_only,1
3250,1,0,left_only,1
3253,1,0,left_only,1
3254,1,0,left_only,1
3257,1,0,left_only,1
3258,1,0,left_only,1
3260,1,0,left_only,1
3262,1,0,left_only,1
3265,1,0,left_only,1
3268,1,0,left_only,1
3270,2,0,left_only,2
3273,1,0,left_only,1
3274,1,0,left_only,1
3277,1,0,left_only,1
3278,1,0,left_only,1
3281,1,0,left_only,1
3283,1,0,left_only,1
3285,1,0,left_only,1
3288,1,0,left_only,1
3289,1,0,left_only,1
3293,1,0,left_only,1
3295,1,0,left_only,1
3297,2,0,left_only,2
3298,1,0,left_only,1
3299,3,0,left_only,3
3302,1,0,left_only,1
3305,1,0,left_only,1
3308,1,0,left_only,1
3311,1,0,left_only,1
3312,1,0,left_only,1
3314,1,0,left_only,1
3317,1,0,left_only,1
3320,1,0,left_only,1
3322,1,0,left_only,1
3324,1,0,left_only,1
3325,1,0,left_only,1
3328,1,0,left_only,1
3329,1,0,left_only,1
3332,1,0,left_only,1
3333,1,0,left_only,1
3335,1,0,left_only,1
3337,2,0,left_only,2
3340,1,0,left_only,1
3343,1,0,left_only,1
3346,1,0,left_only,1
3347,1,0,left_only,1
3349,1,0,left_only,1
3353,2,0,left_only,2
3355,2,0,left_only,2
3357,1,0,left_only,1
3358,1,0,left_only,1
3361,1,0,left_only,1
3365,1,0,left_only,1
3366,1,0,left_only,1
3369,1,0,left_only,1
3370,1,0,left_only,1
3373,1,0,left_only,1
3374,1,0,left_only,1
3377,1,0,left_only,1
3378,1,0,left_only,1
3379,1,0,left_only,1
3381,1,0,left_only,1
3382,1,0,left_only,1
3385,1,0,left_only,1
3386,1,0,left_only,1
3389,1,0,left_only,1
3391,1,0,left_only,1
3395,1,0,left_only,1
3398,1,0,left_only,1
3402,1,0,left_only,1
3405,1,0,left_only,1
3409,1,0,left_only,1
3412,2,0,left_only,2
3416,1,0,left_only,1
3418,1,0,left_only,1
3420,1,0,left_only,1
3422,1,0,left_only,1
3424,1,0,left_only,1
3427,1,0,left_only,1
3428,1,0,left_only,1
3429,1,0,left_only,1
3432,1,0,left_only,1
3434,1,0,left_only,1
3437,1,0,left_only,1
3438,1,0,left_only,1
3439,1,0,left_only,1
3441,1,0,left_only,1
3443,1,0,left_only,1
3445,1,0,left_only,1
3446,1,0,left_only,1
3447,1,0,left_only,1
3449,1,0,left_only,1
3451,1,0,left_only,1
3453,1,0,left_only,1
3455,1,0,left_only,1
3456,1,0,left_only,1
3459,1,0,left_only,1
3462,1,0,left_only,1
3465,1,0,left_only,1
3466,1,0,left_only,1
3471,1,0,left_only,1
3474,1,0,left_only,1
3477,1,0,left_only,1
3480,1,0,left_only,1
3481,1,0,left_only,1
3486,1,0,left_only,1
3488,1,0,left_only,1
3490,1,0,left_only,1
3493,2,0,left_only,2
3494,1,0,left_only,1
3495,1,0,left_only,1
3499,1,0,left_only,1
3502,1,0,left_only,1
3505,1,0,left_only,1
3508,1,0,left_only,1
3509,1,0,left_only,1
3511,1,0,left_only,1
3514,1,0,left_only,1
3520,1,0,left_only,1
3523,1,0,left_only,1
3526,1,0,left_only,1
3527,1,0,left_only,1
3529,1,0,left_only,1
3530,1,0,left_only,1
3531,1,0,left_only,1
3533,1,0,left_only,1
3534,1,0,left_only,1
3536,1,0,left_only,1
3538,1,0,left_only,1
3539,1,0,left_only,1
3541,1,0,left_only,1
3543,1,0,left_only,1
3547,1,0,left_only,1
3549,1,0,left_only,1
3551,2,0,left_only,2
3554,1,0,left_only,1
3555,1,0,left_only,1
3556,1,0,left_only,1
3558,1,0,left_only,1
3561,1,0,left_only,1
3563,1,0,left_only,1
3566,1,0,left_only,1
3571,1,0,left_only,1
3572,1,0,left_only,1
3574,1,0,left_only,1
3575,1,0,left_only,1
3576,1,0,left_only,1
3579,1,0,left_only,1
3580,1,0,left_only,1
3582,1,0,left_only,1
3583,1,0,left_only,1
3585,1,0,left_only,1
3587,1,0,left_only,1
3589,1,0,left_only,1
3591,1,0,left_only,1
3593,1,0,left_only,1
3596,1,0,left_only,1
3597,1,0,left_only,1
3598,1,0,left_only,1
3601,2,0,left_only,2
3602,1,0,left_only,1
3605,1,0,left_only,1
3607,1,0,left_only,1
3608,1,0,left_only,1
3609,1,0,left_only,1
3611,1,0,left_only,1
3614,1,0,left_only,1
3617,1,0,left_only,1
3619,1,0,left_only,1
3621,1,0,left_only,1
3624,1,0,left_only,1
3626,1,0,left_only,1
3628,1,0,left_only,1
3631,1,0,left_only,1
3633,1,0,left_only,1
3634,1,0,left_only,1
3635,1,0,left_only,1
3637,2,0,left_only,2
3640,1,0,left_only,1
3641,1,0,left_only,1
3643,1,0,left_only,1
3645,1,0,left_only,1
3647,1,0,left_only,1
3649,1,0,left_only,1
3652,1,0,left_only,1
3655,1,0,left_only,1
3657,1,0,left_only,1
3659,1,0,left_only,1
3661,1,0,left_only,1
3663,1,0,left_only,1
3665,1,0,left_only,1
3666,1,0,left_only,1
3671,1,0,left_only,1
3673,1,0,left_only,1
3675,1,0,left_only,1
3677,1,0,left_only,1
3679,1,0,left_only,1
3683,1,0,left_only,1
3686,1,0,left_only,1
3689,1,0,left_only,1
3691,1,0,left_only,1
3692,1,0,left_only,1
3694,1,0,left_only,1
3696,1,0,left_only,1
3700,1,0,left_only,1
3704,1,0,left_only,1
3707,1,0,left_only,1
3710,1,0,left_only,1
3713,1,0,left_only,1
3714,1,0,left_only,1
3716,1,0,left_only,1
3718,1,0,left_only,1
3720,1,0,left_only,1
3721,1,0,left_only,1
3723,1,0,left_only,1
3724,1,0,left_only,1
3726,1,0,left_only,1
3728,1,0,left_only,1
3730,1,0,left_only,1
3732,1,0,left_only,1
3735,2,0,left_only,2
3738,1,0,left_only,1
3742,1,0,left_only,1
3743,1,0,left_only,1
3745,1,0,left_only,1
3747,1,0,left_only,1
3749,1,0,left_only,1
3751,1,0,left_only,1
3754,1,0,left_only,1
3756,1,0,left_only,1
3760,1,0,left_only,1
3761,1,0,left_only,1
3763,1,0,left_only,1
3764,1,0,left_only,1
3766,1,0,left_only,1
3769,1,0,left_only,1
3770,1,0,left_only,1
3772,1,0,left_only,1
3773,1,0,left_only,1
3775,1,0,left_only,1
3778,1,0,left_only,1
3781,1,0,left_only,1
3783,1,0,left_only,1
3784,1,0,left_only,1
3787,1,0,left_only,1
3788,1,0,left_only,1
3791,1,0,left_only,1
3793,1,0,left_only,1
3794,1,0,left_only,1
3797,1,0,left_only,1
3804,1,0,left_only,1
3806,1,0,left_only,1
3808,1,0,left_only,1
3809,1,0,left_only,1
3813,1,0,left_only,1
3814,1,0,left_only,1
3819,1,0,left_only,1
3820,1,0,left_only,1
3821,1,0,left_only,1
3823,1,0,left_only,1
3825,1,0,left_only,1
3826,1,0,left_only,1
3827,1,0,left_only,1
3829,1,0,left_only,1
3831,1,0,left_only,1
3832,1,0,left_only,1
3834,1,0,left_only,1
3836,1,0,left_only,1
3838,1,0,left_only,1
3841,1,0,left_only,1
3845,1,0,left_only,1
3848,1,0,left_only,1
3849,1,0,left_only,1
3853,1,0,left_only,1
3856,1,0,left_only,1
3857,1,0,left_only,1
3860,1,0,left_only,1
3861,1,0,left_only,1
3863,1,0,left_only,1
3866,1,0,left_only,1
3868,1,0,left_only,1
3869,1,0,left_only,1
3871,1,0,left_only,1
3872,1,0,left_only,1
3875,1,0,left_only,1
3877,1,0,left_only,1
3879,1,0,left_only,1
3881,1,0,left_only,1
3882,1,0,left_only,1
3883,1,0,left_only,1
3885,1,0,left_only,1
3886,1,0,left_only,1
3888,1,0,left_only,1
3891,1,0,left_only,1
3896,1,0,left_only,1
3898,1,0,left_only,1
3900,1,0,left_only,1
3902,1,0,left_only,1
3905,1,0,left_only,1
3906,1,0,left_only,1
3908,1,0,left_only,1
3910,1,0,left_only,1
3912,1,0,left_only,1
3916,1,0,left_only,1
3917,1,0,left_only,1
3920,1,0,left_only,1
3921,1,0,left_only,1
3924,1,0,left_only,1
3925,1,0,left_only,1
3927,1,0,left_only,1
3929,1,0,left_only,1
3931,1,0,left_only,1
3932,1,0,left_only,1
3934,1,0,left_only,1
3936,1,0,left_only,1
3941,1,0,left_only,1
3942,1,0,left_only,1
3945,1,0,left_only,1
3947,1,0,left_only,1
3949,1,0,left_only,1
3950,1,0,left_only,1
3953,1,0,left_only,1
3955,1,0,left_only,1
3957,2,0,left_only,2
3959,1,0,left_only,1
3961,1,0,left_only,1
3962,1,0,left_only,1
3965,1,0,left_only,1
3968,1,0,left_only,1
3969,1,0,left_only,1
3974,1,0,left_only,1
3975,1,0,left_only,1
3978,1,0,left_only,1
3979,1,0,left_only,1
3980,1,0,left_only,1
3985,1,0,left_only,1
3988,1,0,left_only,1
3992,1,0,left_only,1
3994,1,0,left_only,1
3996,1,0,left_only,1
3999,1,0,left_only,1
4001,1,0,left_only,1
4003,1,0,left_only,1
4005,1,0,left_only,1
4007,1,0,left_only,1
4008,1,0,left_only,1
4010,1,0,left_only,1
4011,1,0,left_only,1
4014,1,0,left_only,1
4015,1,0,left_only,1
4019,1,0,left_only,1
4020,1,0,left_only,1
4023,1,0,left_only,1
4025,1,0,left_only,1
4027,1,0,left_only,1
4030,1,0,left_only,1
4031,1,0,left_only,1
4034,1,0,left_only,1
4035,1,0,left_only,1
4038,1,0,left_only,1
4040,1,0,left_only,1
4041,1,0,left_only,1
4043,1,0,left_only,1
4044,1,0,left_only,1
4046,1,0,left_only,1
4047,1,0,left_only,1
4050,1,0,left_only,1
4053,2,0,left_only,2
4055,1,0,left_only,1
4056,1,0,left_only,1
4057,1,0,left_only,1
4059,1,0,left_only,1
4060,1,0,left_only,1
4064,1,0,left_only,1
4067,1,0,left_only,1
4069,1,0,left_only,1
4071,1,0,left_only,1
4073,1,0,left_only,1
4075,1,0,left_only,1
4078,1,0,left_only,1
4079,1,0,left_only,1
4080,1,0,left_only,1
4082,1,0,left_only,1
4086,1,0,left_only,1
4088,1,0,left_only,1
4090,1,0,left_only,1
4091,1,0,left_only,1
4095,1,0,left_only,1
4097,1,0,left_only,1
4099,1,0,left_only,1
4101,1,0,left_only,1
4103,1,0,left_only,1
4107,1,0,left_only,1
4109,1,0,left_only,1
4112,1,0,left_only,1
4114,1,0,left_only,1
4115,1,0,left_only,1
4117,1,0,left_only,1
4118,1,0,left_only,1
4121,1,0,left_only,1
4122,1,0,left_only,1
4125,1,0,left_only,1
4127,1,0,left_only,1
4128,1,0,left_only,1
4130,1,0,left_only,1
4131,1,0,left_only,1
4132,1,0,left_only,1
4135,1,0,left_only,1
4136,1,0,left_only,1
4139,1,0,left_only,1
4140,1,0,left_only,1
4143,1,0,left_only,1
4145,1,0,left_only,1
4146,1,0,left_only,1
4148,1,0,left_only,1
4151,1,0,left_only,1
4153,1,0,left_only,1
4155,1,0,left_only,1
4156,1,0,left_only,1
4158,1,0,left_only,1
4160,1,0,left_only,1
4161,1,0,left_only,1
4163,1,0,left_only,1
4165,1,0,left_only,1
4169,1,0,left_only,1
4171,1,0,left_only,1
4173,1,0,left_only,1
4174,1,0,left_only,1
4180,2,0,left_only,2
4181,1,0,left_only,1
4182,1,0,left_only,1
4186,1,0,left_only,1
4187,1,0,left_only,1
4190,1,0,left_only,1
4192,2,0,left_only,2
4194,1,0,left_only,1
4197,1,0,left_only,1
4198,1,0,left_only,1
4199,1,0,left_only,1
4201,2,0,left_only,2
4204,1,0,left_only,1
4207,1,0,left_only,1
4209,1,0,left_only,1
4212,1,0,left_only,1
4217,1,0,left_only,1
4220,1,0,left_only,1
4222,1,0,left_only,1
4224,1,0,left_only,1
4226,1,0,left_only,1
4228,1,0,left_only,1
4230,1,0,left_only,1
4234,1,0,left_only,1
4236,1,0,left_only,1
4239,1,0,left_only,1
4241,1,0,left_only,1
4245,1,0,left_only,1
4248,1,0,left_only,1
4249,1,0,left_only,1
4250,1,0,left_only,1
4252,1,0,left_only,1
4254,1,0,left_only,1
4256,1,0,left_only,1
4257,1,0,left_only,1
4259,1,0,left_only,1
4261,1,0,left_only,1
4266,1,0,left_only,1
4268,1,0,left_only,1
4270,1,0,left_only,1
4271,1,0,left_only,1
4274,1,0,left_only,1
4277,1,0,left_only,1
4279,1,0,left_only,1
4280,1,0,left_only,1
4284,1,0,left_only,1
4287,1,0,left_only,1
4289,2,0,left_only,2
4290,1,0,left_only,1
4295,1,0,left_only,1
4298,1,0,left_only,1
4300,1,0,left_only,1
4302,1,0,left_only,1
4303,1,0,left_only,1
4307,1,0,left_only,1
4308,1,0,left_only,1
4311,1,0,left_only,1
4313,1,0,left_only,1
4316,1,0,left_only,1
4318,1,0,left_only,1
4319,1,0,left_only,1
4323,1,0,left_only,1
4324,2,0,left_only,2
4326,1,0,left_only,1
4328,1,0,left_only,1
4329,1,0,left_only,1
4332,2,0,left_only,2
4333,1,0,left_only,1
4336,1,0,left_only,1
4339,1,0,left_only,1
4340,1,0,left_only,1
4343,1,0,left_only,1
4344,1,0,left_only,1
4347,1,0,left_only,1
4349,1,0,left_only,1
4352,1,0,left_only,1
4353,1,0,left_only,1
4357,1,0,left_only,1
4360,1,0,left_only,1
4361,1,0,left_only,1
4363,1,0,left_only,1
4366,1,0,left_only,1
4370,1,0,left_only,1
4372,1,0,left_only,1
4375,1,0,left_only,1
4379,1,0,left_only,1
4380,1,0,left_only,1
4383,1,0,left_only,1
4384,1,0,left_only,1
4387,1,0,left_only,1
4388,1,0,left_only,1
4391,1,0,left_only,1
4392,1,0,left_only,1
4393,1,0,left_only,1
4395,1,0,left_only,1
4398,1,0,left_only,1
4400,1,0,left_only,1
4401,1,0,left_only,1
4404,1,0,left_only,1
4405,1,0,left_only,1
4408,1,0,left_only,1
4409,1,0,left_only,1
4410,1,0,left_only,1
4412,1,0,left_only,1
4414,1,0,left_only,1
4415,1,0,left_only,1
4419,1,0,left_only,1
4421,1,0,left_only,1
4422,1,0,left_only,1
4425,1,0,left_only,1
4426,1,0,left_only,1
4429,1,0,left_only,1
4432,1,0,left_only,1
4433,1,0,left_only,1
4437,1,0,left_only,1
4438,1,0,left_only,1
4440,1,0,left_only,1
4442,2,0,left_only,2
4444,1,0,left_only,1
4445,1,0,left_only,1
4447,1,0,left_only,1
4448,1,0,left_only,1
4451,1,0,left_only,1
4452,1,0,left_only,1
4454,1,0,left_only,1
4456,1,0,left_only,1
4457,1,0,left_only,1
4458,1,0,left_only,1
4460,1,0,left_only,1
4461,2,0,left_only,2
4465,1,0,left_only,1
4467,1,0,left_only,1
4469,1,0,left_only,1
4471,1,0,left_only,1
4473,1,0,left_only,1
4476,1,0,left_only,1
4478,1,0,left_only,1
4479,1,0,left_only,1
4481,1,0,left_only,1
4483,2,0,left_only,2
4485,2,0,left_only,2
4487,2,0,left_only,2
4488,1,0,left_only,1
4491,1,0,left_only,1
4493,1,0,left_only,1
4495,1,0,left_only,1
4496,1,0,left_only,1
4499,2,0,left_only,2
4501,1,0,left_only,1
4503,1,0,left_only,1
4505,1,0,left_only,1
4507,1,0,left_only,1
4510,1,0,left_only,1
4512,1,0,left_only,1
4514,1,0,left_only,1
4515,1,0,left_only,1
4518,1,0,left_only,1
4519,1,0,left_only,1
4520,1,0,left_only,1
4523,1,0,left_only,1
4524,1,0,left_only,1
4527,1,0,left_only,1
4529,1,0,left_only,1
4531,1,0,left_only,1
4533,2,0,left_only,2
4535,1,0,left_only,1
4537,1,0,left_only,1
4539,1,0,left_only,1
4541,1,0,left_only,1
4544,1,0,left_only,1
4545,1,0,left_only,1
4549,1,0,left_only,1
4550,1,0,left_only,1
4552,1,0,left_only,1
4553,1,0,left_only,1
4556,1,0,left_only,1
4558,1,0,left_only,1
4559,1,0,left_only,1
4561,1,0,left_only,1
4562,1,0,left_only,1
4564,1,0,left_only,1
4566,1,0,left_only,1
4569,1,0,left_only,1
4570,1,0,left_only,1
4573,1,0,left_only,1
4576,1,0,left_only,1
4578,1,0,left_only,1
4580,1,0,left_only,1
4581,1,0,left_only,1
4585,2,0,left_only,2
4586,1,0,left_only,1
4588,1,0,left_only,1
4590,1,0,left_only,1
4593,1,0,left_only,1
4594,1,0,left_only,1
4596,1,0,left_only,1
4597,1,0,left_only,1
4601,1,0,left_only,1
4602,1,0,left_only,1
4604,1,0,left_only,1
4607,1,0,left_only,1
4608,1,0,left_only,1
4610,1,0,left_only,1
4611,1,0,left_only,1
4614,1,0,left_only,1
4616,1,0,left_only,1
4618,2,0,left_only,2
4621,2,0,left_only,2
4622,1,0,left_only,1
4624,1,0,left_only,1
4625,1,0,left_only,1
4627,1,0,left_only,1
4628,1,0,left_only,1
4630,1,0,left_only,1
4631,2,0,left_only,2
4633,1,0,left_only,1
4635,2,0,left_only,2
4637,1,0,left_only,1
4639,1,0,left_only,1
4641,1,0,left_only,1
4643,1,0,left_only,1
4648,1,0,left_only,1
4651,1,0,left_only,1
4652,1,0,left_only,1
4655,1,0,left_only,1
4656,1,0,left_only,1
4658,1,0,left_only,1
4660,1,0,left_only,1
4662,1,0,left_only,1
4664,1,0,left_only,1
4665,2,0,left_only,2
4667,1,0,left_only,1
4670,1,0,left_only,1
4671,1,0,left_only,1
4674,2,0,left_only,2
4677,1,0,left_only,1
4680,1,0,left_only,1
4681,1,0,left_only,1
4685,1,0,left_only,1
4686,1,0,left_only,1
4693,1,0,left_only,1
4696,1,0,left_only,1
4698,1,0,left_only,1
4701,1,0,left_only,1
4703,1,0,left_only,1
4705,1,0,left_only,1
4710,1,0,left_only,1
4713,1,0,left_only,1
4716,1,0,left_only,1
4717,1,0,left_only,1
4721,1,0,left_only,1
4725,1,0,left_only,1
4729,1,0,left_only,1
4730,1,0,left_only,1
4731,1,0,left_only,1
4733,1,0,left_only,1
4734,1,0,left_only,1
4737,1,0,left_only,1
4738,2,0,left_only,2
4740,1,0,left_only,1
4741,1,0,left_only,1
4743,1,0,left_only,1
4746,1,0,left_only,1
4748,1,0,left_only,1
4750,1,0,left_only,1
4751,1,0,left_only,1
4754,1,0,left_only,1
4755,1,0,left_only,1
4758,1,0,left_only,1
4761,1,0,left_only,1
4762,1,0,left_only,1
4765,1,0,left_only,1
4766,1,0,left_only,1
4769,1,0,left_only,1
4770,2,0,left_only,2
4772,1,0,left_only,1
4774,1,0,left_only,1
4776,1,0,left_only,1
4778,1,0,left_only,1
4780,1,0,left_only,1
4784,1,0,left_only,1
4785,1,0,left_only,1
4787,1,0,left_only,1
4789,1,0,left_only,1
4792,1,0,left_only,1
4793,1,0,left_only,1
4794,1,0,left_only,1
4797,1,0,left_only,1
4798,1,0,left_only,1
4799,1,0,left_only,1
4802,1,0,left_only,1
4803,1,0,left_only,1
4804,1,0,left_only,1
4808,1,0,left_only,1
4809,1,0,left_only,1
4811,2,0,left_only,2
4812,1,0,left_only,1
4814,1,0,left_only,1
4816,2,0,left_only,2
4819,1,0,left_only,1
4820,1,0,left_only,1
4823,1,0,left_only,1
4825,1,0,left_only,1
4826,1,0,left_only,1
4830,1,0,left_only,1
4831,1,0,left_only,1
4832,1,0,left_only,1
4835,1,0,left_only,1
4837,1,0,left_only,1
4840,1,0,left_only,1
4841,1,0,left_only,1
4844,1,0,left_only,1
4845,1,0,left_only,1
4847,1,0,left_only,1
4848,1,0,left_only,1
4850,1,0,left_only,1
4851,1,0,left_only,1
4853,1,0,left_only,1
4857,1,0,left_only,1
4859,1,0,left_only,1
4862,1,0,left_only,1
4865,1,0,left_only,1
4866,1,0,left_only,1
4869,1,0,left_only,1
4870,1,0,left_only,1
4873,1,0,left_only,1
4874,1,0,left_only,1
4877,1,0,left_only,1
4878,1,0,left_only,1
4879,1,0,left_only,1
4883,2,0,left_only,2
4884,1,0,left_only,1
4887,1,0,left_only,1
4889,1,0,left_only,1
4892,1,0,left_only,1
4895,1,0,left_only,1
4896,1,0,left_only,1
4898,1,0,left_only,1
4900,1,0,left_only,1
4903,1,0,left_only,1
4904,1,0,left_only,1
4906,1,0,left_only,1
4909,1,0,left_only,1
4910,1,0,left_only,1
4912,1,0,left_only,1
4915,1,0,left_only,1
4918,1,0,left_only,1
4923,1,0,left_only,1
4926,1,0,left_only,1
4927,1,0,left_only,1
4929,1,0,left_only,1
4930,1,0,left_only,1
4931,1,0,left_only,1
4934,1,0,left_only,1
4938,1,0,left_only,1
4939,1,0,left_only,1
4942,1,0,left_only,1
4943,1,0,left_only,1
4946,1,0,left_only,1
4947,1,0,left_only,1
4950,1,0,left_only,1
4952,1,0,left_only,1
4955,1,0,left_only,1
4956,1,0,left_only,1
4958,1,0,left_only,1
4959,1,0,left_only,1
4960,1,0,left_only,1
4962,1,0,left_only,1
4965,1,0,left_only,1
4969,1,0,left_only,1
4973,1,0,left_only,1
4974,1,0,left_only,1
4976,1,0,left_only,1
4978,1,0,left_only,1
4980,1,0,left_only,1
4981,1,0,left_only,1
4982,1,0,left_only,1
4984,1,0,left_only,1
4985,1,0,left_only,1
4988,1,0,left_only,1
4992,1,0,left_only,1
4995,1,0,left_only,1
4996,1,0,left_only,1
4998,1,0,left_only,1
4999,1,0,left_only,1
5000,1,0,left_only,1
5004,1,0,left_only,1
5005,1,0,left_only,1
5007,1,0,left_only,1
5009,1,0,left_only,1
5011,1,0,left_only,1
5012,1,0,left_only,1
5014,1,0,left_only,1
5015,1,0,left_only,1
5017,1,0,left_only,1
5021,1,0,left_only,1
5023,1,0,left_only,1
5024,1,0,left_only,1
5028,1,0,left_only,1
5029,1,0,left_only,1
5034,1,0,left_only,1
5041,1,0,left_only,1
5042,1,0,left_only,1
5045,1,0,left_only,1
5048,1,0,left_only,1
5049,1,0,left_only,1
5051,1,0,left_only,1
5053,1,0,left_only,1
5054,1,0,left_only,1
5057,1,0,left_only,1
5058,1,0,left_only,1
5064,1,0,left_only,1
5067,1,0,left_only,1
5072,1,0,left_only,1
5073,1,0,left_only,1
5075,1,0,left_only,1
5077,1,0,left_only,1
5078,1,0,left_only,1
5079,1,0,left_only,1
5081,1,0,left_only,1
5083,1,0,left_only,1
5086,1,0,left_only,1
5089,1,0,left_only,1
5090,1,0,left_only,1
5093,1,0,left_only,1
5094,1,0,left_only,1
5095,1,0,left_only,1
5097,1,0,left_only,1
5098,1,0,left_only,1
5100,1,0,left_only,1
5103,1,0,left_only,1
5104,1,0,left_only,1
5107,1,0,left_only,1
5108,1,0,left_only,1
5109,1,0,left_only,1
5111,1,0,left_only,1
5113,1,0,left_only,1
5115,1,0,left_only,1
5117,1,0,left_only,1
5119,1,0,left_only,1
5123,2,0,left_only,2
5127,1,0,left_only,1
5128,1,0,left_only,1
5130,1,0,left_only,1
5132,1,0,left_only,1
5134,1,0,left_only,1
5138,1,0,left_only,1
5139,1,0,left_only,1
5141,1,0,left_only,1
5143,1,0,left_only,1
5144,1,0,left_only,1
5146,1,0,left_only,1
5147,1,0,left_only,1
5150,1,0,left_only,1
5151,1,0,left_only,1
5154,1,0,left_only,1
5156,1,0,left_only,1
5158,1,0,left_only,1
5159,1,0,left_only,1
5160,1,0,left_only,1
5161,1,0,left_only,1
5163,1,0,left_only,1
5164,1,0,left_only,1
5167,1,0,left_only,1
5171,1,0,left_only,1
5174,1,0,left_only,1
5177,1,0,left_only,1
5179,1,0,left_only,1
5184,1,0,left_only,1
5188,1,0,left_only,1
5191,1,0,left_only,1
5193,1,0,left_only,1
5195,1,0,left_only,1
5196,1,0,left_only,1
5199,1,0,left_only,1
5202,1,0,left_only,1
5204,1,0,left_only,1
5206,1,0,left_only,1
5208,1,0,left_only,1
5210,1,0,left_only,1
5211,1,0,left_only,1
5213,1,0,left_only,1
5214,1,0,left_only,1
5218,1,0,left_only,1
5219,1,0,left_only,1
5222,1,0,left_only,1
5225,1,0,left_only,1
5227,1,0,left_only,1
5229,1,0,left_only,1
5232,1,0,left_only,1
5235,1,0,left_only,1
5236,1,0,left_only,1
5239,1,0,left_only,1
5242,1,0,left_only,1
5243,1,0,left_only,1
5248,1,0,left_only,1
5251,1,0,left_only,1
5252,1,0,left_only,1
5255,1,0,left_only,1
5257,1,0,left_only,1
5258,1,0,left_only,1
5261,1,0,left_only,1
5262,1,0,left_only,1
5263,1,0,left_only,1
5264,1,0,left_only,1
5266,1,0,left_only,1
5268,2,0,left_only,2
5270,1,0,left_only,1
5272,1,0,left_only,1
5273,1,0,left_only,1
5275,1,0,left_only,1
5276,1,0,left_only,1
5279,1,0,left_only,1
5282,1,0,left_only,1
5284,1,0,left_only,1
5287,1,0,left_only,1
5289,1,0,left_only,1
5292,1,0,left_only,1
5293,1,0,left_only,1
5295,1,0,left_only,1
5296,1,0,left_only,1
5298,1,0,left_only,1
5300,1,0,left_only,1
5303,1,0,left_only,1
5305,1,0,left_only,1
5307,1,0,left_only,1
5308,1,0,left_only,1
5310,2,0,left_only,2
5311,1,0,left_only,1
5314,1,0,left_only,1
5315,1,0,left_only,1
5318,1,0,left_only,1
5321,1,0,left_only,1
5323,1,0,left_only,1
5327,1,0,left_only,1
5328,1,0,left_only,1
5331,1,0,left_only,1
5332,1,0,left_only,1
5333,1,0,left_only,1
5336,1,0,left_only,1
5338,1,0,left_only,1
5341,1,0,left_only,1
5342,1,0,left_only,1
5345,1,0,left_only,1
5346,1,0,left_only,1
5348,1,0,left_only,1
5350,1,0,left_only,1
5352,1,0,left_only,1
5354,2,0,left_only,2
5355,1,0,left_only,1
5357,2,0,left_only,2
5358,1,0,left_only,1
5360,1,0,left_only,1
5361,1,0,left_only,1
5363,1,0,left_only,1
5365,1,0,left_only,1
5366,1,0,left_only,1
5368,1,0,left_only,1
5370,1,0,left_only,1
5373,1,0,left_only,1
5375,1,0,left_only,1
5379,1,0,left_only,1
5381,1,0,left_only,1
5383,1,0,left_only,1
5387,1,0,left_only,1
5388,1,0,left_only,1
5391,1,0,left_only,1
5394,1,0,left_only,1
5395,1,0,left_only,1
5398,2,0,left_only,2
5399,1,0,left_only,1
5401,1,0,left_only,1
5405,1,0,left_only,1
5406,1,0,left_only,1
5409,1,0,left_only,1
5411,2,0,left_only,2
5413,2,0,left_only,2
5416,1,0,left_only,1
5418,1,0,left_only,1
5420,1,0,left_only,1
5421,1,0,left_only,1
5423,1,0,left_only,1
5425,1,0,left_only,1
5426,1,0,left_only,1
5429,1,0,left_only,1
5431,1,0,left_only,1
5433,1,0,left_only,1
5436,1,0,left_only,1
5437,1,0,left_only,1
5440,1,0,left_only,1
5441,1,0,left_only,1
5444,1,0,left_only,1
5447,1,0,left_only,1
5449,1,0,left_only,1
5451,1,0,left_only,1
5452,1,0,left_only,1
5453,1,0,left_only,1
5456,1,0,left_only,1
5458,1,0,left_only,1
5460,1,0,left_only,1
5461,1,0,left_only,1
5462,1,0,left_only,1
5465,1,0,left_only,1
5466,1,0,left_only,1
5469,1,0,left_only,1
5472,1,0,left_only,1
5473,2,0,left_only,2
5476,1,0,left_only,1
5479,1,0,left_only,1
5481,1,0,left_only,1
5482,1,0,left_only,1
5484,1,0,left_only,1
5485,1,0,left_only,1
5487,1,0,left_only,1
5488,1,0,left_only,1
5490,1,0,left_only,1
5491,1,0,left_only,1
5493,1,0,left_only,1
5495,2,0,left_only,2
5498,1,0,left_only,1
5501,1,0,left_only,1
5503,1,0,left_only,1
5505,1,0,left_only,1
5506,1,0,left_only,1
5507,1,0,left_only,1
5511,1,0,left_only,1
5512,1,0,left_only,1
5516,1,0,left_only,1
5518,1,0,left_only,1
5520,1,0,left_only,1
5522,2,0,left_only,2
5523,1,0,left_only,1
5528,1,0,left_only,1
5530,1,0,left_only,1
5532,1,0,left_only,1
5534,1,0,left_only,1
5537,1,0,left_only,1
5540,1,0,left_only,1
5543,1,0,left_only,1
5545,1,0,left_only,1
5547,1,0,left_only,1
5548,1,0,left_only,1
5551,2,0,left_only,2
5552,1,0,left_only,1
5555,1,0,left_only,1
5556,1,0,left_only,1
5559,1,0,left_only,1
5562,1,0,left_only,1
5563,1,0,left_only,1
5564,1,0,left_only,1
5565,1,0,left_only,1
5567,1,0,left_only,1
5570,1,0,left_only,1
5575,1,0,left_only,1
5576,1,0,left_only,1
5578,1,0,left_only,1
5579,1,0,left_only,1
5583,1,0,left_only,1
5585,1,0,left_only,1
5587,1,0,left_only,1
5588,1,0,left_only,1
5591,1,0,left_only,1
5594,1,0,left_only,1
5596,1,0,left_only,1
5598,1,0,left_only,1
5600,1,0,left_only,1
5602,1,0,left_only,1
5605,1,0,left_only,1
5606,1,0,left_only,1
5608,1,0,left_only,1
5609,1,0,left_only,1
5612,1,0,left_only,1
5613,1,0,left_only,1
5614,1,0,left_only,1
5616,1,0,left_only,1
5618,1,0,left_only,1
5620,1,0,left_only,1
5621,1,0,left_only,1
5622,1,0,left_only,1
5624,1,0,left_only,1
5626,1,0,left_only,1
5628,1,0,left_only,1
5629,1,0,left_only,1
5632,1,0,left_only,1
5634,1,0,left_only,1
5635,1,0,left_only,1
5637,1,0,left_only,1
5639,1,0,left_only,1
5642,1,0,left_only,1
5644,1,0,left_only,1
5646,1,0,left_only,1
5650,1,0,left_only,1
5652,1,0,left_only,1
5654,1,0,left_only,1
5656,1,0,left_only,1
5657,1,0,left_only,1
5660,1,0,left_only,1
5661,1,0,left_only,1
5663,1,0,left_only,1
5664,1,0,left_only,1
5666,1,0,left_only,1
5668,1,0,left_only,1
5671,1,0,left_only,1
5674,1,0,left_only,1
5675,1,0,left_only,1
5678,1,0,left_only,1
5680,2,0,left_only,2
5681,1,0,left_only,1
5684,1,0,left_only,1
5686,1,0,left_only,1
5688,1,0,left_only,1
5691,1,0,left_only,1
5692,1,0,left_only,1
5695,1,0,left_only,1
5696,1,0,left_only,1
5699,1,0,left_only,1
5700,1,0,left_only,1
5702,1,0,left_only,1
5704,1,0,left_only,1
5706,1,0,left_only,1
5708,1,0,left_only,1
5710,1,0,left_only,1
5715,1,0,left_only,1
5717,1,0,left_only,1
5719,1,0,left_only,1
5721,1,0,left_only,1
5724,1,0,left_only,1
5725,1,0,left_only,1
5727,1,0,left_only,1
5729,1,0,left_only,1
5731,1,0,left_only,1
5733,1,0,left_only,1
5734,1,0,left_only,1
5736,1,0,left_only,1
5737,1,0,left_only,1
5739,1,0,left_only,1
5743,1,0,left_only,1
5745,1,0,left_only,1
5747,1,0,left_only,1
5750,1,0,left_only,1
5751,1,0,left_only,1
5753,1,0,left_only,1
5754,1,0,left_only,1
5757,1,0,left_only,1
5758,1,0,left_only,1
5761,1,0,left_only,1
5762,1,0,left_only,1
5764,1,0,left_only,1
5765,1,0,left_only,1
5766,1,0,left_only,1
5768,1,0,left_only,1
5771,1,0,left_only,1
5774,2,0,left_only,2
5775,1,0,left_only,1
5778,2,0,left_only,2
5780,1,0,left_only,1
5782,1,0,left_only,1
5783,1,0,left_only,1
5786,1,0,left_only,1
5787,1,0,left_only,1
5789,1,0,left_only,1
5791,1,0,left_only,1
5794,1,0,left_only,1
5797,1,0,left_only,1
5798,1,0,left_only,1
5800,1,0,left_only,1
5802,1,0,left_only,1
5803,1,0,left_only,1
5805,1,0,left_only,1
5807,1,0,left_only,1
5808,1,0,left_only,1
5811,1,0,left_only,1
5814,1,0,left_only,1
5815,1,0,left_only,1
5817,1,0,left_only,1
5819,1,0,left_only,1
5821,1,0,left_only,1
5822,1,0,left_only,1
5826,1,0,left_only,1
5827,1,0,left_only,1
5829,1,0,left_only,1
5831,1,0,left_only,1
5833,1,0,left_only,1
5835,1,0,left_only,1
5837,1,0,left_only,1
5839,1,0,left_only,1
5840,1,0,left_only,1
5843,1,0,left_only,1
5846,1,0,left_only,1
5849,1,0,left_only,1
5850,1,0,left_only,1
5853,1,0,left_only,1
5856,1,0,left_only,1
5857,1,0,left_only,1
5860,1,0,left_only,1
5861,1,0,left_only,1
5862,2,0,left_only,2
5863,1,0,left_only,1
5864,1,0,left_only,1
5866,1,0,left_only,1
5868,2,0,left_only,2
5871,2,0,left_only,2
5872,1,0,left_only,1
5874,1,0,left_only,1
5876,1,0,left_only,1
5878,1,0,left_only,1
5880,1,0,left_only,1
5883,1,0,left_only,1
5884,1,0,left_only,1
5887,1,0,left_only,1
5889,3,0,left_only,3
5892,1,0,left_only,1
5894,1,0,left_only,1
5895,1,0,left_only,1
5896,2,0,left_only,2
5899,1,0,left_only,1
5900,1,0,left_only,1
5902,1,0,left_only,1
5903,1,0,left_only,1
5906,1,0,left_only,1
5908,1,0,left_only,1
5910,1,0,left_only,1
5911,1,0,left_only,1
5912,1,0,left_only,1
5914,1,0,left_only,1
5916,1,0,left_only,1
5919,1,0,left_only,1
5921,1,0,left_only,1
5923,1,0,left_only,1
5924,1,0,left_only,1
5927,1,0,left_only,1
5929,1,0,left_only,1
5933,1,0,left_only,1
5936,1,0,left_only,1
5937,1,0,left_only,1
5939,1,0,left_only,1
5940,1,0,left_only,1
5942,1,0,left_only,1
5943,1,0,left_only,1
5945,1,0,left_only,1
5947,1,0,left_only,1
5950,1,0,left_only,1
5951,1,0,left_only,1
5953,1,0,left_only,1
5955,1,0,left_only,1
5957,1,0,left_only,1
5959,1,0,left_only,1
5962,1,0,left_only,1
5963,1,0,left_only,1
5966,1,0,left_only,1
5969,1,0,left_only,1
5970,1,0,left_only,1
5971,1,0,left_only,1
5976,1,0,left_only,1
5977,1,0,left_only,1
5980,1,0,left_only,1
5981,1,0,left_only,1
5982,1,0,left_only,1
5983,1,0,left_only,1
5985,1,0,left_only,1
5988,1,0,left_only,1
5991,1,0,left_only,1
5993,1,0,left_only,1
5996,1,0,left_only,1
5997,1,0,left_only,1
5999,1,0,left_only,1
6000,1,0,left_only,1
6002,1,0,left_only,1
6004,1,0,left_only,1
6007,1,0,left_only,1
6011,2,0,left_only,2
6013,1,0,left_only,1
6014,1,0,left_only,1
6017,1,0,left_only,1
6018,1,0,left_only,1
6021,1,0,left_only,1
6022,1,0,left_only,1
6025,2,0,left_only,2
6026,1,0,left_only,1
6029,1,0,left_only,1
6033,1,0,left_only,1
6035,1,0,left_only,1
6037,1,0,left_only,1
6040,1,0,left_only,1
6042,1,0,left_only,1
6045,1,0,left_only,1
6048,1,0,left_only,1
6052,1,0,left_only,1
6055,1,0,left_only,1
6056,1,0,left_only,1
6058,1,0,left_only,1
6060,1,0,left_only,1
6063,1,0,left_only,1
6064,1,0,left_only,1
6067,1,0,left_only,1
6068,1,0,left_only,1
6070,1,0,left_only,1
6071,1,0,left_only,1
6073,1,0,left_only,1
6076,1,0,left_only,1
6077,1,0,left_only,1
6080,1,0,left_only,1
6082,1,0,left_only,1
6083,1,0,left_only,1
6086,1,0,left_only,1
6087,1,0,left_only,1
6090,1,0,left_only,1
6093,1,0,left_only,1
6094,1,0,left_only,1
6098,1,0,left_only,1
6099,1,0,left_only,1
6101,1,0,left_only,1
6103,1,0,left_only,1
6105,1,0,left_only,1
6107,1,0,left_only,1
6111,2,0,left_only,2
6112,1,0,left_only,1
6115,1,0,left_only,1
6119,1,0,left_only,1
6121,2,0,left_only,2
6123,1,0,left_only,1
6128,1,0,left_only,1
6130,1,0,left_only,1
6134,1,0,left_only,1
6135,1,0,left_only,1
6138,1,0,left_only,1
6139,1,0,left_only,1
6140,1,0,left_only,1
6142,1,0,left_only,1
6147,1,0,left_only,1
6150,1,0,left_only,1
6151,1,0,left_only,1
6152,1,0,left_only,1
6154,1,0,left_only,1
6155,1,0,left_only,1
6160,1,0,left_only,1
6162,1,0,left_only,1
6163,1,0,left_only,1
6165,2,0,left_only,2
6167,2,0,left_only,2
6170,1,0,left_only,1
6173,1,0,left_only,1
6174,1,0,left_only,1
6177,1,0,left_only,1
6178,1,0,left_only,1
6181,1,0,left_only,1
6183,1,0,left_only,1
6185,1,0,left_only,1
6189,1,0,left_only,1
6191,1,0,left_only,1
6193,1,0,left_only,1
6197,1,0,left_only,1
6200,1,0,left_only,1
6202,1,0,left_only,1
6204,1,0,left_only,1
6207,1,0,left_only,1
6210,1,0,left_only,1
6211,1,0,left_only,1
6216,1,0,left_only,1
6217,1,0,left_only,1
6220,1,0,left_only,1
6221,1,0,left_only,1
6223,1,0,left_only,1
6224,1,0,left_only,1
6226,1,0,left_only,1
6229,1,0,left_only,1
6233,1,0,left_only,1
6234,1,0,left_only,1
6236,1,0,left_only,1
6239,1,0,left_only,1
6244,1,0,left_only,1
6246,1,0,left_only,1
6249,2,0,left_only,2
6250,1,0,left_only,1
6254,1,0,left_only,1
6255,1,0,left_only,1
6257,1,0,left_only,1
6259,1,0,left_only,1
6261,1,0,left_only,1
6262,1,0,left_only,1
6264,1,0,left_only,1
6266,1,0,left_only,1
6269,1,0,left_only,1
6272,1,0,left_only,1
6276,1,0,left_only,1
6277,1,0,left_only,1
6280,1,0,left_only,1
6282,1,0,left_only,1
6283,1,0,left_only,1
6285,1,0,left_only,1
6286,1,0,left_only,1
6287,1,0,left_only,1
6288,1,0,left_only,1
6292,1,0,left_only,1
6296,1,0,left_only,1
6297,1,0,left_only,1
6300,1,0,left_only,1
6302,1,0,left_only,1
6305,1,0,left_only,1
6307,1,0,left_only,1
6308,2,0,left_only,2
6311,1,0,left_only,1
6315,1,0,left_only,1
6317,1,0,left_only,1
6318,1,0,left_only,1
6320,1,0,left_only,1
6321,1,0,left_only,1
6325,1,0,left_only,1
6327,1,0,left_only,1
6329,1,0,left_only,1
6333,1,0,left_only,1
6334,1,0,left_only,1
6337,1,0,left_only,1
6338,1,0,left_only,1
6341,1,0,left_only,1
6344,1,0,left_only,1
6345,1,0,left_only,1
6348,1,0,left_only,1
6349,2,0,left_only,2
6352,1,0,left_only,1
6354,1,0,left_only,1
6356,1,0,left_only,1
6357,1,0,left_only,1
6359,1,0,left_only,1
6360,1,0,left_only,1
6363,1,0,left_only,1
6365,1,0,left_only,1
6367,1,0,left_only,1
6368,1,0,left_only,1
6370,1,0,left_only,1
6371,1,0,left_only,1
6373,1,0,left_only,1
6378,1,0,left_only,1
6380,1,0,left_only,1
6381,1,0,left_only,1
6383,1,0,left_only,1
6384,1,0,left_only,1
6385,1,0,left_only,1
6387,1,0,left_only,1
6390,1,0,left_only,1
6394,1,0,left_only,1
6398,1,0,left_only,1
6401,1,0,left_only,1
6404,1,0,left_only,1
6406,1,0,left_only,1
6407,1,0,left_only,1
6408,1,0,left_only,1
6410,2,0,left_only,2
6414,1,0,left_only,1
6415,1,0,left_only,1
6417,1,0,left_only,1
6419,1,0,left_only,1
6421,1,0,left_only,1
6426,1,0,left_only,1
6428,1,0,left_only,1
6430,1,0,left_only,1
6433,1,0,left_only,1
6435,1,0,left_only,1
6437,1,0,left_only,1
6440,1,0,left_only,1
6443,1,0,left_only,1
6445,1,0,left_only,1
6447,1,0,left_only,1
6450,1,0,left_only,1
6452,1,0,left_only,1
6453,1,0,left_only,1
6455,1,0,left_only,1
6456,1,0,left_only,1
6458,1,0,left_only,1
6461,1,0,left_only,1
6462,1,0,left_only,1
6467,1,0,left_only,1
6473,2,0,left_only,2
6476,1,0,left_only,1
6480,1,0,left_only,1
6481,2,0,left_only,2
6483,1,0,left_only,1
6484,1,0,left_only,1
6487,1,0,left_only,1
6490,1,0,left_only,1
6492,1,0,left_only,1
6494,1,0,left_only,1
6497,1,0,left_only,1
6498,1,0,left_only,1
6501,1,0,left_only,1
6502,2,0,left_only,2
6505,1,0,left_only,1
6506,1,0,left_only,1
6509,1,0,left_only,1
6510,1,0,left_only,1
6513,2,0,left_only,2
6515,1,0,left_only,1
6517,1,0,left_only,1
6518,1,0,left_only,1
6519,1,0,left_only,1
6521,1,0,left_only,1
6524,1,0,left_only,1
6526,1,0,left_only,1
6528,1,0,left_only,1
6529,1,0,left_only,1
6532,1,0,left_only,1
6535,2,0,left_only,2
6536,1,0,left_only,1
6539,1,0,left_only,1
6540,1,0,left_only,1
6543,1,0,left_only,1
6545,1,0,left_only,1
6546,1,0,left_only,1
6549,1,0,left_only,1
6552,1,0,left_only,1
6556,1,0,left_only,1
6559,1,0,left_only,1
6562,1,0,left_only,1
6564,1,0,left_only,1
6566,2,0,left_only,2
6568,1,0,left_only,1
6570,1,0,left_only,1
6572,1,0,left_only,1
6573,1,0,left_only,1
6574,1,0,left_only,1
6577,1,0,left_only,1
6579,1,0,left_only,1
6581,1,0,left_only,1
6582,1,0,left_only,1
6585,1,0,left_only,1
6588,1,0,left_only,1
6591,1,0,left_only,1
6597,2,0,left_only,2
6598,2,0,left_only,2
6600,1,0,left_only,1
6602,1,0,left_only,1
6604,1,0,left_only,1
6606,1,0,left_only,1
6608,1,0,left_only,1
6609,1,0,left_only,1
6611,1,0,left_only,1
6613,1,0,left_only,1
6614,1,0,left_only,1
6616,1,0,left_only,1
6618,1,0,left_only,1
6619,1,0,left_only,1
6622,1,0,left_only,1
6625,1,0,left_only,1
6627,1,0,left_only,1
6629,1,0,left_only,1
6631,1,0,left_only,1
6633,1,0,left_only,1
6635,1,0,left_only,1
6638,1,0,left_only,1
6639,1,0,left_only,1
6641,1,0,left_only,1
6644,1,0,left_only,1
6647,1,0,left_only,1
6652,1,0,left_only,1
6653,1,0,left_only,1
6655,1,0,left_only,1
6656,1,0,left_only,1
6658,1,0,left_only,1
6660,1,0,left_only,1
6662,2,0,left_only,2
6664,1,0,left_only,1
6665,1,0,left_only,1
6666,1,0,left_only,1
6670,1,0,left_only,1
6674,1,0,left_only,1
6675,1,0,left_only,1
6676,1,0,left_only,1
6677,1,0,left_only,1
6679,2,0,left_only,2
6680,2,0,left_only,2
6683,1,0,left_only,1
6686,1,0,left_only,1
6689,1,0,left_only,1
6692,1,0,left_only,1
6695,1,0,left_only,1
6698,1,0,left_only,1
6699,1,0,left_only,1
6701,1,0,left_only,1
6703,1,0,left_only,1
6705,1,0,left_only,1
6707,1,0,left_only,1
6710,1,0,left_only,1
6714,1,0,left_only,1
6715,1,0,left_only,1
6717,1,0,left_only,1
6718,1,0,left_only,1
6720,1,0,left_only,1
6722,1,0,left_only,1
6725,1,0,left_only,1
6727,1,0,left_only,1
6729,1,0,left_only,1
6732,1,0,left_only,1
6734,1,0,left_only,1
6738,1,0,left_only,1
6739,1,0,left_only,1
6741,1,0,left_only,1
6742,1,0,left_only,1
6744,1,0,left_only,1
6746,1,0,left_only,1
6749,1,0,left_only,1
6752,1,0,left_only,1
6754,1,0,left_only,1
6756,1,0,left_only,1
6757,1,0,left_only,1
6759,1,0,left_only,1
6761,1,0,left_only,1
6763,1,0,left_only,1
6765,1,0,left_only,1
6768,2,0,left_only,2
6769,1,0,left_only,1
6771,1,0,left_only,1
6773,1,0,left_only,1
6775,1,0,left_only,1
6778,1,0,left_only,1
6780,1,0,left_only,1
6782,1,0,left_only,1
6788,2,0,left_only,2
6791,1,0,left_only,1
6796,1,0,left_only,1
6797,1,0,left_only,1
6800,1,0,left_only,1
6803,1,0,left_only,1
6809,1,0,left_only,1
6812,1,0,left_only,1
6813,1,0,left_only,1
6815,1,0,left_only,1
6820,1,0,left_only,1
6823,1,0,left_only,1
6826,1,0,left_only,1
6827,1,0,left_only,1
6830,1,0,left_only,1
6832,1,0,left_only,1
6834,1,0,left_only,1
6837,1,0,left_only,1
6839,1,0,left_only,1
6841,2,0,left_only,2
6844,1,0,left_only,1
6845,1,0,left_only,1
6848,1,0,left_only,1
6853,1,0,left_only,1
6854,1,0,left_only,1
6857,1,0,left_only,1
6858,1,0,left_only,1
6860,1,0,left_only,1
6862,1,0,left_only,1
6864,1,0,left_only,1
6868,1,0,left_only,1
6869,1,0,left_only,1
6872,1,0,left_only,1
6876,1,0,left_only,1
6879,1,0,left_only,1
6881,1,0,left_only,1
6882,1,0,left_only,1
6883,1,0,left_only,1
6889,2,0,left_only,2
6890,1,0,left_only,1
6892,1,0,left_only,1
6896,1,0,left_only,1
6898,1,0,left_only,1
6900,1,0,left_only,1
6901,1,0,left_only,1
6903,1,0,left_only,1
6907,1,0,left_only,1
6911,1,0,left_only,1
6914,1,0,left_only,1
6915,1,0,left_only,1
6916,1,0,left_only,1
6918,1,0,left_only,1
6920,1,0,left_only,1
6924,1,0,left_only,1
6925,1,0,left_only,1
6928,1,0,left_only,1
6931,2,0,left_only,2
6934,1,0,left_only,1
6938,1,0,left_only,1
6941,1,0,left_only,1
6942,1,0,left_only,1
6945,1,0,left_only,1
6948,1,0,left_only,1
6949,1,0,left_only,1
6952,1,0,left_only,1
6953,1,0,left_only,1
6955,1,0,left_only,1
6956,1,0,left_only,1
6958,2,0,left_only,2
6961,1,0,left_only,1
6962,1,0,left_only,1
6964,1,0,left_only,1
6966,1,0,left_only,1
6968,1,0,left_only,1
6969,1,0,left_only,1
6972,1,0,left_only,1
6973,3,0,left_only,3
6975,1,0,left_only,1
6979,1,0,left_only,1
6982,1,0,left_only,1
6983,1,0,left_only,1
6987,1,0,left_only,1
6988,1,0,left_only,1
6992,1,0,left_only,1
6995,1,0,left_only,1
6998,1,0,left_only,1
6999,1,0,left_only,1
7002,1,0,left_only,1
7003,1,0,left_only,1
7005,1,0,left_only,1
7006,2,0,left_only,2
7009,1,0,left_only,1
7012,1,0,left_only,1
7013,1,0,left_only,1
7015,1,0,left_only,1
7019,1,0,left_only,1
7022,1,0,left_only,1
7024,1,0,left_only,1
7026,1,0,left_only,1
7028,1,0,left_only,1
7030,1,0,left_only,1
7032,1,0,left_only,1
7034,1,0,left_only,1
7035,1,0,left_only,1
7037,1,0,left_only,1
7039,1,0,left_only,1
7040,1,0,left_only,1
7041,1,0,left_only,1
7045,2,0,left_only,2
7046,1,0,left_only,1
7047,1,0,left_only,1
7049,1,0,left_only,1
7050,1,0,left_only,1
7053,1,0,left_only,1
7058,1,0,left_only,1
7059,3,0,left_only,3
7061,1,0,left_only,1
7063,1,0,left_only,1
7067,1,0,left_only,1
7070,1,0,left_only,1
7073,1,0,left_only,1
7075,1,0,left_only,1
7078,1,0,left_only,1
7080,1,0,left_only,1
7081,1,0,left_only,1
7083,1,0,left_only,1
7085,1,0,left_only,1
7088,1,0,left_only,1
7089,1,0,left_only,1
7092,1,0,left_only,1
7096,1,0,left_only,1
7099,1,0,left_only,1
7100,1,0,left_only,1
7102,1,0,left_only,1
7105,1,0,left_only,1
7106,1,0,left_only,1
7109,1,0,left_only,1
7110,1,0,left_only,1
7113,1,0,left_only,1
7117,1,0,left_only,1
7118,1,0,left_only,1
7121,1,0,left_only,1
7127,1,0,left_only,1
7128,1,0,left_only,1
7131,1,0,left_only,1
7134,1,0,left_only,1
7137,1,0,left_only,1
7139,1,0,left_only,1
7141,1,0,left_only,1
7143,2,0,left_only,2
7145,1,0,left_only,1
7148,1,0,left_only,1
7150,1,0,left_only,1
7155,2,0,left_only,2
7156,1,0,left_only,1
7158,1,0,left_only,1
7159,1,0,left_only,1
7160,1,0,left_only,1
7161,1,0,left_only,1
7162,1,0,left_only,1
7165,1,0,left_only,1
7171,1,0,left_only,1
7173,1,0,left_only,1
7175,1,0,left_only,1
7178,1,0,left_only,1
7179,1,0,left_only,1
7182,1,0,left_only,1
7185,1,0,left_only,1
7187,1,0,left_only,1
7189,1,0,left_only,1
7191,1,0,left_only,1
7193,1,0,left_only,1
7195,1,0,left_only,1
7199,1,0,left_only,1
7202,1,0,left_only,1
7204,1,0,left_only,1
7206,3,0,left_only,3
7210,1,0,left_only,1
7211,1,0,left_only,1
7217,1,0,left_only,1
7220,1,0,left_only,1
7225,1,0,left_only,1
7234,1,0,left_only,1
7235,1,0,left_only,1
7236,2,0,left_only,2
7238,1,0,left_only,1
7240,1,0,left_only,1
7242,2,0,left_only,2
7243,1,0,left_only,1
7245,2,0,left_only,2
7247,1,0,left_only,1
7249,1,0,left_only,1
7252,1,0,left_only,1
7255,1,0,left_only,1
7258,1,0,left_only,1
7260,1,0,left_only,1
7262,1,0,left_only,1
7264,2,0,left_only,2
7265,1,0,left_only,1
7267,1,0,left_only,1
7269,1,0,left_only,1
7271,1,0,left_only,1
7274,1,0,left_only,1
7275,1,0,left_only,1
7278,1,0,left_only,1
7280,1,0,left_only,1
7282,2,0,left_only,2
7286,1,0,left_only,1
7288,1,0,left_only,1
7290,1,0,left_only,1
7291,1,0,left_only,1
7293,1,0,left_only,1
7295,1,0,left_only,1
7297,1,0,left_only,1
7299,1,0,left_only,1
7302,2,0,left_only,2
7305,1,0,left_only,1
7306,1,0,left_only,1
7308,1,0,left_only,1
7310,2,0,left_only,2
7312,1,0,left_only,1
7314,1,0,left_only,1
7316,1,0,left_only,1
7319,1,0,left_only,1
7320,1,0,left_only,1
7324,1,0,left_only,1
7327,1,0,left_only,1
7329,1,0,left_only,1
7331,1,0,left_only,1
7333,1,0,left_only,1
7335,1,0,left_only,1
7337,1,0,left_only,1
7338,2,0,left_only,2
7341,1,0,left_only,1
7344,2,0,left_only,2
7347,1,0,left_only,1
7349,1,0,left_only,1
7351,1,0,left_only,1
7352,1,0,left_only,1
7356,1,0,left_only,1
7358,1,0,left_only,1
7359,1,0,left_only,1
7361,1,0,left_only,1
7363,1,0,left_only,1
7364,1,0,left_only,1
7367,1,0,left_only,1
7368,2,0,left_only,2
7371,1,0,left_only,1
7373,1,0,left_only,1
7375,1,0,left_only,1
7377,1,0,left_only,1
7379,1,0,left_only,1
7380,1,0,left_only,1
7382,1,0,left_only,1
7385,1,0,left_only,1
7388,1,0,left_only,1
7391,1,0,left_only,1
7394,1,0,left_only,1
7397,1,0,left_only,1
7400,1,0,left_only,1
7401,1,0,left_only,1
7405,1,0,left_only,1
7407,1,0,left_only,1
7408,1,0,left_only,1
7411,1,0,left_only,1
7414,1,0,left_only,1
7417,1,0,left_only,1
7418,1,0,left_only,1
7420,1,0,left_only,1
7421,1,0,left_only,1
7424,1,0,left_only,1
7426,1,0,left_only,1
7427,1,0,left_only,1
7429,1,0,left_only,1
7431,1,0,left_only,1
7434,1,0,left_only,1
7437,1,0,left_only,1
7438,1,0,left_only,1
7440,1,0,left_only,1
7442,1,0,left_only,1
7444,1,0,left_only,1
7446,1,0,left_only,1
7450,1,0,left_only,1
7452,1,0,left_only,1
7455,1,0,left_only,1
7457,1,0,left_only,1
7458,1,0,left_only,1
7461,1,0,left_only,1
7462,2,0,left_only,2
7466,1,0,left_only,1
7467,1,0,left_only,1
7468,1,0,left_only,1
7470,1,0,left_only,1
7471,1,0,left_only,1
7474,1,0,left_only,1
7476,1,0,left_only,1
7478,1,0,left_only,1
7483,1,0,left_only,1
7485,1,0,left_only,1
7486,1,0,left_only,1
7493,1,0,left_only,1
7497,1,0,left_only,1
7498,1,0,left_only,1
7500,1,0,left_only,1
7502,2,0,left_only,2
7504,1,0,left_only,1
7505,2,0,left_only,2
7508,1,0,left_only,1
7509,1,0,left_only,1
7512,1,0,left_only,1
7515,1,0,left_only,1
7518,1,0,left_only,1
7520,2,0,left_only,2
7522,1,0,left_only,1
7524,1,0,left_only,1
7526,1,0,left_only,1
7529,1,0,left_only,1
7534,1,0,left_only,1
7537,1,0,left_only,1
7539,1,0,left_only,1
7542,1,0,left_only,1
7543,1,0,left_only,1
7544,1,0,left_only,1
7547,1,0,left_only,1
7548,1,0,left_only,1
7552,2,0,left_only,2
7553,1,0,left_only,1
7556,1,0,left_only,1
7562,1,0,left_only,1
7565,1,0,left_only,1
7566,1,0,left_only,1
7569,1,0,left_only,1
7570,1,0,left_only,1
7574,1,0,left_only,1
7575,1,0,left_only,1
7577,1,0,left_only,1
7580,1,0,left_only,1
7581,2,0,left_only,2
7584,2,0,left_only,2
7586,1,0,left_only,1
7590,1,0,left_only,1
7595,1,0,left_only,1
7596,1,0,left_only,1
7598,1,0,left_only,1
7600,1,0,left_only,1
7603,1,0,left_only,1
7604,1,0,left_only,1
7607,1,0,left_only,1
7610,1,0,left_only,1
7614,1,0,left_only,1
7616,1,0,left_only,1
7619,1,0,left_only,1
7622,1,0,left_only,1
7624,1,0,left_only,1
7627,1,0,left_only,1
7629,1,0,left_only,1
7631,1,0,left_only,1
7632,1,0,left_only,1
7634,1,0,left_only,1
7636,1,0,left_only,1
7639,1,0,left_only,1
7644,1,0,left_only,1
7647,1,0,left_only,1
7649,1,0,left_only,1
7657,1,0,left_only,1
7659,1,0,left_only,1
7662,1,0,left_only,1
7665,1,0,left_only,1
7669,1,0,left_only,1
7671,1,0,left_only,1
7673,1,0,left_only,1
7675,1,0,left_only,1
7679,1,0,left_only,1
7680,1,0,left_only,1
7683,1,0,left_only,1
7685,1,0,left_only,1
7687,1,0,left_only,1
7688,1,0,left_only,1
7691,1,0,left_only,1
7692,1,0,left_only,1
7695,1,0,left_only,1
7696,1,0,left_only,1
7699,1,0,left_only,1
7701,1,0,left_only,1
7703,1,0,left_only,1
7705,1,0,left_only,1
7707,1,0,left_only,1
7710,1,0,left_only,1
7712,1,0,left_only,1
7714,1,0,left_only,1
7717,1,0,left_only,1
7718,1,0,left_only,1
7720,1,0,left_only,1
7722,1,0,left_only,1
7725,1,0,left_only,1
7727,1,0,left_only,1
7729,1,0,left_only,1
7730,1,0,left_only,1
7733,2,0,left_only,2
7736,1,0,left_only,1
7739,1,0,left_only,1
7742,1,0,left_only,1
7745,1,0,left_only,1
7748,1,0,left_only,1
7749,1,0,left_only,1
7752,1,0,left_only,1
7754,1,0,left_only,1
7760,1,0,left_only,1
7761,1,0,left_only,1
7764,1,0,left_only,1
7768,1,0,left_only,1
7771,1,0,left_only,1
7773,1,0,left_only,1
7775,1,0,left_only,1
7778,1,0,left_only,1
7782,1,0,left_only,1
7784,1,0,left_only,1
7788,1,0,left_only,1
7791,1,0,left_only,1
7796,1,0,left_only,1
7797,2,0,left_only,2
7798,1,0,left_only,1
7800,1,0,left_only,1
7801,1,0,left_only,1
7804,1,0,left_only,1
7806,1,0,left_only,1
7811,1,0,left_only,1
7814,1,0,left_only,1
7817,1,0,left_only,1
7819,1,0,left_only,1
7822,1,0,left_only,1
7825,1,0,left_only,1
7829,1,0,left_only,1
7833,1,0,left_only,1
7835,1,0,left_only,1
7837,1,0,left_only,1
7839,1,0,left_only,1
7841,1,0,left_only,1
7844,1,0,left_only,1
7845,1,0,left_only,1
7848,2,0,left_only,2
7849,1,0,left_only,1
7852,1,0,left_only,1
7854,1,0,left_only,1
7857,1,0,left_only,1
7860,1,0,left_only,1
7861,1,0,left_only,1
7863,1,0,left_only,1
7867,1,0,left_only,1
7869,1,0,left_only,1
7872,1,0,left_only,1
7875,1,0,left_only,1
7878,1,0,left_only,1
7879,1,0,left_only,1
7881,1,0,left_only,1
7885,1,0,left_only,1
7887,1,0,left_only,1
7890,1,0,left_only,1
7891,1,0,left_only,1
7893,1,0,left_only,1
7896,1,0,left_only,1
7898,1,0,left_only,1
7900,1,0,left_only,1
7904,1,0,left_only,1
7905,1,0,left_only,1
7908,1,0,left_only,1
7911,1,0,left_only,1
7915,1,0,left_only,1
7918,1,0,left_only,1
7921,1,0,left_only,1
7925,1,0,left_only,1
7927,1,0,left_only,1
7930,1,0,left_only,1
7931,1,0,left_only,1
7933,1,0,left_only,1
7936,1,0,left_only,1
7937,1,0,left_only,1
7939,2,0,left_only,2
7944,1,0,left_only,1
7946,1,0,left_only,1
7947,1,0,left_only,1
7949,1,0,left_only,1
7951,1,0,left_only,1
7953,1,0,left_only,1
7956,1,0,left_only,1
7958,1,0,left_only,1
7961,2,0,left_only,2
7963,1,0,left_only,1
7965,1,0,left_only,1
7967,1,0,left_only,1
7969,1,0,left_only,1
7971,1,0,left_only,1
7973,1,0,left_only,1
7975,1,0,left_only,1
7977,1,0,left_only,1
7979,1,0,left_only,1
7982,1,0,left_only,1
7984,1,0,left_only,1
7986,1,0,left_only,1
7987,1,0,left_only,1
7991,1,0,left_only,1
7994,1,0,left_only,1
7996,1,0,left_only,1
7999,1,0,left_only,1
8001,1,0,left_only,1
8004,1,0,left_only,1
8008,1,0,left_only,1
8010,1,0,left_only,1
8012,2,0,left_only,2
8013,1,0,left_only,1
8015,1,0,left_only,1
8020,1,0,left_only,1
8022,1,0,left_only,1
8023,1,0,left_only,1
8026,1,0,left_only,1
8029,1,0,left_only,1
8031,1,0,left_only,1
8033,1,0,left_only,1
8036,1,0,left_only,1
8037,1,0,left_only,1
8041,1,0,left_only,1
8045,1,0,left_only,1
8047,1,0,left_only,1
8050,1,0,left_only,1
8053,1,0,left_only,1
8057,1,0,left_only,1
8060,1,0,left_only,1
8063,1,0,left_only,1
8066,1,0,left_only,1
8070,1,0,left_only,1
8073,1,0,left_only,1
8075,1,0,left_only,1
8080,1,0,left_only,1
8082,1,0,left_only,1
8084,1,0,left_only,1
8087,1,0,left_only,1
8090,1,0,left_only,1
8094,1,0,left_only,1
8097,1,0,left_only,1
8099,1,0,left_only,1
8101,1,0,left_only,1
8104,1,0,left_only,1
8106,1,0,left_only,1
8107,1,0,left_only,1
8110,1,0,left_only,1
8114,1,0,left_only,1
8117,1,0,left_only,1
8118,1,0,left_only,1
8120,1,0,left_only,1
8124,1,0,left_only,1
8125,1,0,left_only,1
8128,1,0,left_only,1
8131,1,0,left_only,1
8134,1,0,left_only,1
8139,1,0,left_only,1
8142,1,0,left_only,1
8145,1,0,left_only,1
8148,2,0,left_only,2
8151,1,0,left_only,1
8154,1,0,left_only,1
8158,1,0,left_only,1
8161,2,0,left_only,2
8163,1,0,left_only,1
8167,1,0,left_only,1
8168,1,0,left_only,1
8171,1,0,left_only,1
8175,2,0,left_only,2
8177,1,0,left_only,1
8180,1,0,left_only,1
8182,1,0,left_only,1
8185,1,0,left_only,1
8190,1,0,left_only,1
8191,1,0,left_only,1
8194,1,0,left_only,1
8198,1,0,left_only,1
8199,1,0,left_only,1
8205,2,0,left_only,2
8208,1,0,left_only,1
8211,1,0,left_only,1
8215,1,0,left_only,1
8217,1,0,left_only,1
8218,1,0,left_only,1
8220,1,0,left_only,1
8223,1,0,left_only,1
8226,1,0,left_only,1
8228,1,0,left_only,1
8230,1,0,left_only,1
8231,1,0,left_only,1
8235,1,0,left_only,1
8238,1,0,left_only,1
8241,1,0,left_only,1
8244,1,0,left_only,1
8247,1,0,left_only,1
8249,1,0,left_only,1
8253,2,0,left_only,2
8257,1,0,left_only,1
8258,1,0,left_only,1
8261,1,0,left_only,1
8264,1,0,left_only,1
8266,1,0,left_only,1
8268,1,0,left_only,1
8270,2,0,left_only,2
8273,1,0,left_only,1
8276,1,0,left_only,1
8278,1,0,left_only,1
8279,1,0,left_only,1
8283,1,0,left_only,1
8288,1,0,left_only,1
8289,1,0,left_only,1
8291,1,0,left_only,1
8292,1,0,left_only,1
8296,1,0,left_only,1
8297,1,0,left_only,1
8299,1,0,left_only,1
8301,1,0,left_only,1
8304,1,0,left_only,1
8307,1,0,left_only,1
8309,1,0,left_only,1
8311,1,0,left_only,1
8313,1,0,left_only,1
8316,1,0,left_only,1
8320,1,0,left_only,1
8322,1,0,left_only,1
8324,1,0,left_only,1
8326,1,0,left_only,1
8328,1,0,left_only,1
8330,1,0,left_only,1
8337,1,0,left_only,1
8339,1,0,left_only,1
8341,1,0,left_only,1
8343,1,0,left_only,1
8345,1,0,left_only,1
8350,1,0,left_only,1
8352,2,0,left_only,2
8356,1,0,left_only,1
8358,1,0,left_only,1
8361,1,0,left_only,1
8364,1,0,left_only,1
8367,1,0,left_only,1
8369,1,0,left_only,1
8371,1,0,left_only,1
8374,1,0,left_only,1
8375,1,0,left_only,1
8378,1,0,left_only,1
8379,1,0,left_only,1
8381,1,0,left_only,1
8383,2,0,left_only,2
8386,1,0,left_only,1
8388,1,0,left_only,1
8389,1,0,left_only,1
8391,1,0,left_only,1
8394,1,0,left_only,1
8397,1,0,left_only,1
8400,1,0,left_only,1
8403,1,0,left_only,1
8406,1,0,left_only,1
8410,1,0,left_only,1
8412,1,0,left_only,1
8415,1,0,left_only,1
8418,1,0,left_only,1
8420,1,0,left_only,1
8422,1,0,left_only,1
8424,1,0,left_only,1
8426,1,0,left_only,1
8430,1,0,left_only,1
8431,2,0,left_only,2
8435,1,0,left_only,1
8436,1,0,left_only,1
8439,1,0,left_only,1
8443,1,0,left_only,1
8447,1,0,left_only,1
8449,1,0,left_only,1
8452,1,0,left_only,1
8455,1,0,left_only,1
8457,1,0,left_only,1
8459,1,0,left_only,1
8461,1,0,left_only,1
8465,1,0,left_only,1
8467,1,0,left_only,1
8469,1,0,left_only,1
8471,1,0,left_only,1
8473,1,0,left_only,1
8474,1,0,left_only,1
8477,1,0,left_only,1
8480,1,0,left_only,1
8481,1,0,left_only,1
8482,1,0,left_only,1
8485,1,0,left_only,1
8486,1,0,left_only,1
8489,1,0,left_only,1
8493,1,0,left_only,1
8494,1,0,left_only,1
8497,1,0,left_only,1
8500,1,0,left_only,1
8502,2,0,left_only,2
8506,1,0,left_only,1
8510,1,0,left_only,1
8513,1,0,left_only,1
8517,1,0,left_only,1
8519,1,0,left_only,1
8521,1,0,left_only,1
8524,1,0,left_only,1
8527,1,0,left_only,1
8528,1,0,left_only,1
8530,1,0,left_only,1
8532,1,0,left_only,1
8535,1,0,left_only,1
8538,1,0,left_only,1
8541,1,0,left_only,1
8543,1,0,left_only,1
8545,1,0,left_only,1
8547,1,0,left_only,1
8550,1,0,left_only,1
8551,1,0,left_only,1
8554,1,0,left_only,1
8557,1,0,left_only,1
8560,1,0,left_only,1
8562,1,0,left_only,1
8565,1,0,left_only,1
8566,1,0,left_only,1
8568,2,0,left_only,2
8570,1,0,left_only,1
8574,1,0,left_only,1
8577,1,0,left_only,1
8580,1,0,left_only,1
8583,1,0,left_only,1
8584,1,0,left_only,1
8587,1,0,left_only,1
8589,1,0,left_only,1
8591,1,0,left_only,1
8593,1,0,left_only,1
8594,1,0,left_only,1
8596,1,0,left_only,1
8599,1,0,left_only,1
8600,1,0,left_only,1
8602,1,0,left_only,1
8604,1,0,left_only,1
8606,1,0,left_only,1
8609,1,0,left_only,1
8610,1,0,left_only,1
8613,1,0,left_only,1
8616,1,0,left_only,1
8618,1,0,left_only,1
8622,1,0,left_only,1
8625,1,0,left_only,1
8628,1,0,left_only,1
8629,1,0,left_only,1
8631,1,0,left_only,1
8633,1,0,left_only,1
8636,1,0,left_only,1
8639,2,0,left_only,2
8642,1,0,left_only,1
8646,1,0,left_only,1
8648,1,0,left_only,1
8650,1,0,left_only,1
8655,1,0,left_only,1
8656,1,0,left_only,1
8658,1,0,left_only,1
8660,1,0,left_only,1
8661,1,0,left_only,1
8665,1,0,left_only,1
8666,1,0,left_only,1
8669,1,0,left_only,1
8672,1,0,left_only,1
8675,1,0,left_only,1
8677,1,0,left_only,1
8680,1,0,left_only,1
8683,1,0,left_only,1
8685,1,0,left_only,1
8688,1,0,left_only,1
8690,1,0,left_only,1
8693,1,0,left_only,1
8694,1,0,left_only,1
8697,1,0,left_only,1
8698,1,0,left_only,1
8699,1,0,left_only,1
8701,1,0,left_only,1
8707,1,0,left_only,1
8708,1,0,left_only,1
8710,1,0,left_only,1
8712,1,0,left_only,1
8714,1,0,left_only,1
8716,1,0,left_only,1
8721,1,0,left_only,1
8724,1,0,left_only,1
8727,1,0,left_only,1
8729,1,0,left_only,1
8731,1,0,left_only,1
8734,1,0,left_only,1
8737,1,0,left_only,1
8738,1,0,left_only,1
8741,1,0,left_only,1
8745,1,0,left_only,1
8748,1,0,left_only,1
8751,1,0,left_only,1
8754,1,0,left_only,1
8756,1,0,left_only,1
8758,1,0,left_only,1
8762,1,0,left_only,1
8767,1,0,left_only,1
8768,1,0,left_only,1
8771,1,0,left_only,1
8774,1,0,left_only,1
8776,1,0,left_only,1
8779,1,0,left_only,1
8781,1,0,left_only,1
8784,1,0,left_only,1
8787,1,0,left_only,1
8788,1,0,left_only,1
8790,1,0,left_only,1
8791,1,0,left_only,1
8794,1,0,left_only,1
8797,1,0,left_only,1
8799,1,0,left_only,1
8807,1,0,left_only,1
8808,1,0,left_only,1
8810,2,0,left_only,2
8811,1,0,left_only,1
8815,1,0,left_only,1
8818,2,0,left_only,2
8819,1,0,left_only,1
8822,1,0,left_only,1
8823,1,0,left_only,1
8826,1,0,left_only,1
8831,1,0,left_only,1
8832,1,0,left_only,1
8834,1,0,left_only,1
8836,1,0,left_only,1
8840,1,0,left_only,1
8841,1,0,left_only,1
8844,1,0,left_only,1
8846,1,0,left_only,1
8848,1,0,left_only,1
8850,1,0,left_only,1
8853,1,0,left_only,1
8856,1,0,left_only,1
8858,1,0,left_only,1
8861,1,0,left_only,1
8864,1,0,left_only,1
8866,1,0,left_only,1
8868,1,0,left_only,1
8871,1,0,left_only,1
8874,1,0,left_only,1
8877,1,0,left_only,1
8881,1,0,left_only,1
8884,2,0,left_only,2
8887,1,0,left_only,1
8889,1,0,left_only,1
8893,1,0,left_only,1
8894,1,0,left_only,1
8896,1,0,left_only,1
8898,1,0,left_only,1
8901,2,0,left_only,2
8904,1,0,left_only,1
8908,2,0,left_only,2
8910,1,0,left_only,1
8915,1,0,left_only,1
8916,1,0,left_only,1
8921,1,0,left_only,1
8923,1,0,left_only,1
8925,1,0,left_only,1
8927,1,0,left_only,1
8929,1,0,left_only,1
8932,1,0,left_only,1
8935,1,0,left_only,1
8938,1,0,left_only,1
8941,1,0,left_only,1
8944,1,0,left_only,1
8946,1,0,left_only,1
8949,1,0,left_only,1
8951,1,0,left_only,1
8954,1,0,left_only,1
8957,1,0,left_only,1
8958,1,0,left_only,1
8961,1,0,left_only,1
8962,1,0,left_only,1
8967,1,0,left_only,1
8969,1,0,left_only,1
8971,1,0,left_only,1
8974,1,0,left_only,1
8976,1,0,left_only,1
8978,1,0,left_only,1
8979,1,0,left_only,1
8981,2,0,left_only,2
8982,1,0,left_only,1
8985,1,0,left_only,1
8988,1,0,left_only,1
8991,1,0,left_only,1
8994,1,0,left_only,1
8996,1,0,left_only,1
8998,2,0,left_only,2
8999,2,0,left_only,2
9001,1,0,left_only,1
9004,1,0,left_only,1
9007,1,0,left_only,1
9008,2,0,left_only,2
9012,1,0,left_only,1
9015,1,0,left_only,1
9018,1,0,left_only,1
9021,1,0,left_only,1
9022,1,0,left_only,1
9025,1,0,left_only,1
9027,1,0,left_only,1
9029,2,0,left_only,2
9031,1,0,left_only,1
9033,2,0,left_only,2
9036,1,0,left_only,1
9037,1,0,left_only,1
9039,2,0,left_only,2
9042,1,0,left_only,1
9043,1,0,left_only,1
9046,1,0,left_only,1
9048,1,0,left_only,1
9051,1,0,left_only,1
9053,1,0,left_only,1
9055,1,0,left_only,1
9058,1,0,left_only,1
9064,1,0,left_only,1
9066,2,0,left_only,2
9067,1,0,left_only,1
9069,1,0,left_only,1
9073,1,0,left_only,1
9075,1,0,left_only,1
9078,1,0,left_only,1
9081,1,0,left_only,1
9084,1,0,left_only,1
9087,1,0,left_only,1
9088,1,0,left_only,1
9091,2,0,left_only,2
9093,1,0,left_only,1
9095,1,0,left_only,1
9096,1,0,left_only,1
9100,1,0,left_only,1
9103,1,0,left_only,1
9106,1,0,left_only,1
9109,1,0,left_only,1
9110,1,0,left_only,1
9113,1,0,left_only,1
9115,1,0,left_only,1
9117,1,0,left_only,1
9121,2,0,left_only,2
9122,1,0,left_only,1
9125,1,0,left_only,1
9127,1,0,left_only,1
9130,1,0,left_only,1
9133,1,0,left_only,1
9135,1,0,left_only,1
9136,1,0,left_only,1
9139,1,0,left_only,1
9142,1,0,left_only,1
9145,1,0,left_only,1
9147,1,0,left_only,1
9149,1,0,left_only,1
9151,1,0,left_only,1
9155,1,0,left_only,1
9158,1,0,left_only,1
9161,1,0,left_only,1
9164,1,0,left_only,1
9166,1,0,left_only,1
9168,1,0,left_only,1
9170,1,0,left_only,1
9173,1,0,left_only,1
9177,1,0,left_only,1
9179,1,0,left_only,1
9182,1,0,left_only,1
9184,1,0,left_only,1
9187,1,0,left_only,1
9190,1,0,left_only,1
9193,1,0,left_only,1
9195,1,0,left_only,1
9197,1,0,left_only,1
9201,1,0,left_only,1
9204,1,0,left_only,1
9205,1,0,left_only,1
9208,1,0,left_only,1
9210,1,0,left_only,1
9211,1,0,left_only,1
9213,1,0,left_only,1
9216,1,0,left_only,1
9219,2,0,left_only,2
9222,1,0,left_only,1
9225,1,0,left_only,1
9226,1,0,left_only,1
9227,1,0,left_only,1
9228,2,0,left_only,2
9230,1,0,left_only,1
9234,1,0,left_only,1
9237,1,0,left_only,1
9240,1,0,left_only,1
9241,1,0,left_only,1
9244,1,0,left_only,1
9246,1,0,left_only,1
9249,1,0,left_only,1
9251,1,0,left_only,1
9254,1,0,left_only,1
9256,1,0,left_only,1
9258,1,0,left_only,1
9262,1,0,left_only,1
9264,1,0,left_only,1
9265,1,0,left_only,1
9268,1,0,left_only,1
9273,1,0,left_only,1
9274,1,0,left_only,1
9277,1,0,left_only,1
9281,1,0,left_only,1
9283,2,0,left_only,2
9284,2,0,left_only,2
9287,2,0,left_only,2
9290,1,0,left_only,1
9295,1,0,left_only,1
9297,1,0,left_only,1
9299,1,0,left_only,1
9300,1,0,left_only,1
9303,1,0,left_only,1
9305,1,0,left_only,1
9306,1,0,left_only,1
9309,1,0,left_only,1
9311,1,0,left_only,1
9312,1,0,left_only,1
9315,1,0,left_only,1
9317,1,0,left_only,1
9321,1,0,left_only,1
9322,1,0,left_only,1
9326,1,0,left_only,1
9328,1,0,left_only,1
9331,1,0,left_only,1
9333,3,0,left_only,3
9334,1,0,left_only,1
9338,1,0,left_only,1
9341,1,0,left_only,1
9345,1,0,left_only,1
9347,1,0,left_only,1
9350,1,0,left_only,1
9353,1,0,left_only,1
9356,1,0,left_only,1
9357,1,0,left_only,1
9360,1,0,left_only,1
9361,1,0,left_only,1
9364,1,0,left_only,1
9366,2,0,left_only,2
9367,1,0,left_only,1
9369,1,0,left_only,1
9372,1,0,left_only,1
9373,1,0,left_only,1
9376,1,0,left_only,1
9378,1,0,left_only,1
9381,1,0,left_only,1
9383,1,0,left_only,1
9385,1,0,left_only,1
9388,1,0,left_only,1
9390,1,0,left_only,1
9394,1,0,left_only,1
9397,1,0,left_only,1
9398,1,0,left_only,1
9402,1,0,left_only,1
9406,1,0,left_only,1
9409,1,0,left_only,1
9410,1,0,left_only,1
9413,1,0,left_only,1
9417,1,0,left_only,1
9420,1,0,left_only,1
9423,1,0,left_only,1
9426,1,0,left_only,1
9430,1,0,left_only,1
9434,1,0,left_only,1
9436,1,0,left_only,1
9438,1,0,left_only,1
9441,1,0,left_only,1
9447,1,0,left_only,1
9451,1,0,left_only,1
9453,1,0,left_only,1
9455,1,0,left_only,1
9457,1,0,left_only,1
9461,1,0,left_only,1
9463,1,0,left_only,1
9464,1,0,left_only,1
9469,1,0,left_only,1
9471,1,0,left_only,1
9472,1,0,left_only,1
9474,1,0,left_only,1
9475,1,0,left_only,1
9478,1,0,left_only,1
9481,1,0,left_only,1
9482,1,0,left_only,1
9485,1,0,left_only,1
9488,1,0,left_only,1
9491,1,0,left_only,1
9493,1,0,left_only,1
9495,1,0,left_only,1
9498,1,0,left_only,1
9504,1,0,left_only,1
9505,1,0,left_only,1
9508,2,0,left_only,2
9511,1,0,left_only,1
9515,1,0,left_only,1
9516,1,0,left_only,1
9520,1,0,left_only,1
9523,1,0,left_only,1
9525,1,0,left_only,1
9528,1,0,left_only,1
9530,1,0,left_only,1
9532,1,0,left_only,1
9535,1,0,left_only,1
9537,1,0,left_only,1
9539,1,0,left_only,1
9542,2,0,left_only,2
9543,1,0,left_only,1
9546,1,0,left_only,1
9547,1,0,left_only,1
9549,1,0,left_only,1
9551,1,0,left_only,1
9554,1,0,left_only,1
9558,1,0,left_only,1
9563,2,0,left_only,2
9567,1,0,left_only,1
9571,1,0,left_only,1
9574,1,0,left_only,1
9578,1,0,left_only,1
9580,1,0,left_only,1
9582,1,0,left_only,1
9585,1,0,left_only,1
9587,2,0,left_only,2
9591,1,0,left_only,1
9593,1,0,left_only,1
9595,1,0,left_only,1
9597,1,0,left_only,1
9600,1,0,left_only,1
9603,1,0,left_only,1
9606,1,0,left_only,1
9608,1,0,left_only,1
9610,2,0,left_only,2
9613,1,0,left_only,1
9616,1,0,left_only,1
9619,1,0,left_only,1
9622,1,0,left_only,1
9624,1,0,left_only,1
9627,1,0,left_only,1
9630,1,0,left_only,1
9634,2,0,left_only,2
9636,1,0,left_only,1
9640,1,0,left_only,1
9644,1,0,left_only,1
9647,1,0,left_only,1
9648,1,0,left_only,1
9651,1,0,left_only,1
9652,1,0,left_only,1
9655,1,0,left_only,1
9657,1,0,left_only,1
9659,1,0,left_only,1
9661,1,0,left_only,1
9663,1,0,left_only,1
9666,1,0,left_only,1
9670,1,0,left_only,1
9674,1,0,left_only,1
9677,1,0,left_only,1
9679,1,0,left_only,1
9682,1,0,left_only,1
9685,1,0,left_only,1
9688,2,0,left_only,2
9692,1,0,left_only,1
9693,1,0,left_only,1
9696,1,0,left_only,1
9699,1,0,left_only,1
9701,1,0,left_only,1
9702,2,0,left_only,2
9703,2,0,left_only,2
9706,1,0,left_only,1
9708,1,0,left_only,1
9710,1,0,left_only,1
9712,1,0,left_only,1
9715,1,0,left_only,1
9718,1,0,left_only,1
9721,1,0,left_only,1
9724,1,0,left_only,1
9726,1,0,left_only,1
9730,1,0,left_only,1
9734,1,0,left_only,1
9736,2,0,left_only,2
9737,1,0,left_only,1
9740,1,0,left_only,1
9743,1,0,left_only,1
9744,1,0,left_only,1
9747,1,0,left_only,1
9751,1,0,left_only,1
9754,1,0,left_only,1
9757,1,0,left_only,1
9760,1,0,left_only,1
9763,1,0,left_only,1
9766,1,0,left_only,1
9769,1,0,left_only,1
9770,1,0,left_only,1
9773,1,0,left_only,1
9775,1,0,left_only,1
9778,2,0,left_only,2
9782,2,0,left_only,2
9785,1,0,left_only,1
9788,1,0,left_only,1
9789,1,0,left_only,1
9791,1,0,left_only,1
9793,1,0,left_only,1
9797,1,0,left_only,1
9798,1,0,left_only,1
9800,1,0,left_only,1
9801,2,0,left_only,2
9804,1,0,left_only,1
9809,1,0,left_only,1
9811,1,0,left_only,1
9815,1,0,left_only,1
9818,1,0,left_only,1
9821,1,0,left_only,1
9824,1,0,left_only,1
9827,1,0,left_only,1
9830,2,0,left_only,2
9833,1,0,left_only,1
9835,1,0,left_only,1
9838,1,0,left_only,1
9840,2,0,left_only,2
9841,1,0,left_only,1
9843,1,0,left_only,1
9846,1,0,left_only,1
9850,1,0,left_only,1
9852,1,0,left_only,1
9854,1,0,left_only,1
9856,1,0,left_only,1
9858,1,0,left_only,1
9860,1,0,left_only,1
9862,1,0,left_only,1
9865,1,0,left_only,1
9868,1,0,left_only,1
9872,1,0,left_only,1
9875,1,0,left_only,1
9876,1,0,left_only,1
9880,1,0,left_only,1
9882,1,0,left_only,1
9883,2,0,left_only,2
9885,1,0,left_only,1
9888,1,0,left_only,1
9890,1,0,left_only,1
9892,1,0,left_only,1
9895,1,0,left_only,1
9898,1,0,left_only,1
9900,1,0,left_only,1
9903,1,0,left_only,1
9913,1,0,left_only,1
9917,1,0,left_only,1
9920,1,0,left_only,1
9921,1,0,left_only,1
9923,1,0,left_only,1
9926,1,0,left_only,1
9929,1,0,left_only,1
9932,1,0,left_only,1
9933,1,0,left_only,1
9935,1,0,left_only,1
9938,2,0,left_only,2
9942,1,0,left_only,1
9944,1,0,left_only,1
9947,1,0,left_only,1
9949,1,0,left_only,1
9951,1,0,left_only,1
9957,1,0,left_only,1
9960,1,0,left_only,1
9963,1,0,left_only,1
9966,1,0,left_only,1
9968,1,0,left_only,1
9970,1,0,left_only,1
9972,3,0,left_only,3
9973,1,0,left_only,1
9976,1,0,left_only,1
9978,1,0,left_only,1
9980,1,0,left_only,1
9982,1,0,left_only,1
9983,1,0,left_only,1
9986,1,0,left_only,1
9989,1,0,left_only,1
9995,1,0,left_only,1
9998,1,0,left_only,1
10001,1,0,left_only,1
10004,1,0,left_only,1
10007,1,0,left_only,1
10009,1,0,left_only,1
10012,1,0,left_only,1
10015,1,0,left_only,1
10019,2,0,left_only,2
10020,1,0,left_only,1
10022,1,0,left_only,1
10025,1,0,left_only,1
10028,1,0,left_only,1
10031,2,0,left_only,2
10034,1,0,left_only,1
10038,1,0,left_only,1
10040,1,0,left_only,1
10042,1,0,left_only,1
10045,1,0,left_only,1
10048,1,0,left_only,1
10053,1,0,left_only,1
10057,1,0,left_only,1
10058,2,0,left_only,2
10060,1,0,left_only,1
10061,1,0,left_only,1
10064,1,0,left_only,1
10066,1,0,left_only,1
10068,1,0,left_only,1
10072,1,0,left_only,1
10075,1,0,left_only,1
10078,1,0,left_only,1
10081,2,0,left_only,2
10085,1,0,left_only,1
10088,1,0,left_only,1
10091,1,0,left_only,1
10094,1,0,left_only,1
10096,1,0,left_only,1
10100,1,0,left_only,1
10102,1,0,left_only,1
10104,1,0,left_only,1
10106,1,0,left_only,1
10110,1,0,left_only,1
10116,1,0,left_only,1
10119,1,0,left_only,1
10121,1,0,left_only,1
10124,1,0,left_only,1
10127,1,0,left_only,1
10130,1,0,left_only,1
10133,1,0,left_only,1
10134,1,0,left_only,1
10136,1,0,left_only,1
10140,1,0,left_only,1
10142,1,0,left_only,1
10144,1,0,left_only,1
10146,1,0,left_only,1
10148,1,0,left_only,1
10151,1,0,left_only,1
10155,1,0,left_only,1
10156,1,0,left_only,1
10158,1,0,left_only,1
10161,1,0,left_only,1
10164,1,0,left_only,1
10166,1,0,left_only,1
10168,1,0,left_only,1
10170,1,0,left_only,1
10173,1,0,left_only,1
10178,1,0,left_only,1
10179,1,0,left_only,1
10182,1,0,left_only,1
10185,1,0,left_only,1
10187,1,0,left_only,1
10189,1,0,left_only,1
10190,1,0,left_only,1
10192,1,0,left_only,1
10195,1,0,left_only,1
10198,1,0,left_only,1
10201,1,0,left_only,1
10204,1,0,left_only,1
10207,1,0,left_only,1
10211,1,0,left_only,1
10214,1,0,left_only,1
10217,1,0,left_only,1
10218,1,0,left_only,1
10222,1,0,left_only,1
10224,1,0,left_only,1
10229,1,0,left_only,1
10234,1,0,left_only,1
10238,1,0,left_only,1
10241,1,0,left_only,1
10244,1,0,left_only,1
10247,1,0,left_only,1
10251,1,0,left_only,1
10254,1,0,left_only,1
10256,1,0,left_only,1
10259,1,0,left_only,1
10261,1,0,left_only,1
10263,1,0,left_only,1
10265,1,0,left_only,1
10267,1,0,left_only,1
10269,1,0,left_only,1
10273,1,0,left_only,1
10276,1,0,left_only,1
10279,1,0,left_only,1
10282,1,0,left_only,1
10286,1,0,left_only,1
10291,1,0,left_only,1
10294,1,0,left_only,1
10295,1,0,left_only,1
10298,1,0,left_only,1
10299,1,0,left_only,1
10302,1,0,left_only,1
10307,1,0,left_only,1
10310,1,0,left_only,1
10313,1,0,left_only,1
10315,1,0,left_only,1
10317,1,0,left_only,1
10320,1,0,left_only,1
10322,1,0,left_only,1
10324,1,0,left_only,1
10326,1,0,left_only,1
10330,1,0,left_only,1
10333,1,0,left_only,1
10336,1,0,left_only,1
10339,1,0,left_only,1
10341,1,0,left_only,1
10345,1,0,left_only,1
10347,1,0,left_only,1
10349,1,0,left_only,1
10352,1,0,left_only,1
10355,1,0,left_only,1
10357,1,0,left_only,1
10360,1,0,left_only,1
10363,1,0,left_only,1
10366,1,0,left_only,1
10368,1,0,left_only,1
10369,1,0,left_only,1
10372,1,0,left_only,1
10375,1,0,left_only,1
10378,1,0,left_only,1
10382,1,0,left_only,1
10387,1,0,left_only,1
10390,1,0,left_only,1
10393,1,0,left_only,1
10396,1,0,left_only,1
10399,1,0,left_only,1
10402,2,0,left_only,2
10404,1,0,left_only,1
10406,1,0,left_only,1
10410,1,0,left_only,1
10413,1,0,left_only,1
10416,1,0,left_only,1
10419,1,0,left_only,1
10422,1,0,left_only,1
10425,1,0,left_only,1
10428,1,0,left_only,1
10431,1,0,left_only,1
10434,1,0,left_only,1
10435,1,0,left_only,1
10438,1,0,left_only,1
10440,1,0,left_only,1
10442,1,0,left_only,1
10446,1,0,left_only,1
10448,1,0,left_only,1
10451,1,0,left_only,1
10453,1,0,left_only,1
10456,1,0,left_only,1
10458,1,0,left_only,1
10463,1,0,left_only,1
10467,1,0,left_only,1
10472,2,0,left_only,2
10475,2,0,left_only,2
10478,1,0,left_only,1
10482,2,0,left_only,2
10485,1,0,left_only,1
10488,1,0,left_only,1
10489,1,0,left_only,1
10492,1,0,left_only,1
10496,1,0,left_only,1
10498,1,0,left_only,1
10501,1,0,left_only,1
10504,1,0,left_only,1
10505,1,0,left_only,1
10509,1,0,left_only,1
10513,1,0,left_only,1
10516,1,0,left_only,1
10517,1,0,left_only,1
10521,1,0,left_only,1
10524,1,0,left_only,1
10526,1,0,left_only,1
10532,1,0,left_only,1
10534,1,0,left_only,1
10536,1,0,left_only,1
10539,1,0,left_only,1
10542,1,0,left_only,1
10544,1,0,left_only,1
10546,1,0,left_only,1
10549,1,0,left_only,1
10552,1,0,left_only,1
10555,1,0,left_only,1
10556,1,0,left_only,1
10559,1,0,left_only,1
10561,1,0,left_only,1
10564,1,0,left_only,1
10568,1,0,left_only,1
10571,1,0,left_only,1
10573,1,0,left_only,1
10575,1,0,left_only,1
10578,2,0,left_only,2
10582,1,0,left_only,1
10584,1,0,left_only,1
10586,1,0,left_only,1
10592,1,0,left_only,1
10595,1,0,left_only,1
10600,1,0,left_only,1
10601,1,0,left_only,1
10604,1,0,left_only,1
10606,1,0,left_only,1
10608,1,0,left_only,1
10613,1,0,left_only,1
10617,1,0,left_only,1
10623,1,0,left_only,1
10625,1,0,left_only,1
10629,1,0,left_only,1
10631,1,0,left_only,1
10634,1,0,left_only,1
10639,1,0,left_only,1
10641,1,0,left_only,1
10644,1,0,left_only,1
10647,1,0,left_only,1
10650,1,0,left_only,1
10653,1,0,left_only,1
10657,1,0,left_only,1
10659,1,0,left_only,1
10662,1,0,left_only,1
10665,1,0,left_only,1
10668,1,0,left_only,1
10671,1,0,left_only,1
10674,1,0,left_only,1
10676,1,0,left_only,1
10680,2,0,left_only,2
10683,1,0,left_only,1
10686,1,0,left_only,1
10689,1,0,left_only,1
10692,1,0,left_only,1
10695,1,0,left_only,1
10698,1,0,left_only,1
10701,1,0,left_only,1
10706,1,0,left_only,1
10708,1,0,left_only,1
10711,1,0,left_only,1
10714,1,0,left_only,1
10717,1,0,left_only,1
10722,1,0,left_only,1
10724,1,0,left_only,1
10727,1,0,left_only,1
10730,1,0,left_only,1
10733,1,0,left_only,1
10736,1,0,left_only,1
10739,1,0,left_only,1
10744,1,0,left_only,1
10749,3,0,left_only,3
10751,1,0,left_only,1
10755,1,0,left_only,1
10757,1,0,left_only,1
10760,1,0,left_only,1
10763,1,0,left_only,1
10765,1,0,left_only,1
10768,1,0,left_only,1
10770,1,0,left_only,1
10772,1,0,left_only,1
10775,1,0,left_only,1
10778,1,0,left_only,1
10782,1,0,left_only,1
10785,1,0,left_only,1
10788,1,0,left_only,1
10790,1,0,left_only,1
10792,1,0,left_only,1
10795,1,0,left_only,1
10798,1,0,left_only,1
10801,1,0,left_only,1
10804,1,0,left_only,1
10805,1,0,left_only,1
10808,1,0,left_only,1
10811,1,0,left_only,1
10813,1,0,left_only,1
10816,1,0,left_only,1
10819,1,0,left_only,1
10823,1,0,left_only,1
10829,1,0,left_only,1
10832,1,0,left_only,1
10833,1,0,left_only,1
10835,1,0,left_only,1
10840,1,0,left_only,1
10844,1,0,left_only,1
10847,1,0,left_only,1
10849,1,0,left_only,1
10852,1,0,left_only,1
10855,1,0,left_only,1
10858,1,0,left_only,1
10861,1,0,left_only,1
10864,1,0,left_only,1
10869,1,0,left_only,1
10871,1,0,left_only,1
10872,1,0,left_only,1
10877,1,0,left_only,1
10882,1,0,left_only,1
10885,1,0,left_only,1
10889,1,0,left_only,1
10893,1,0,left_only,1
10897,1,0,left_only,1
10900,1,0,left_only,1
10903,1,0,left_only,1
10906,1,0,left_only,1
10909,1,0,left_only,1
10911,1,0,left_only,1
10913,1,0,left_only,1
10916,1,0,left_only,1
10919,1,0,left_only,1
10922,1,0,left_only,1
10926,1,0,left_only,1
10930,1,0,left_only,1
10934,1,0,left_only,1
10937,1,0,left_only,1
10940,1,0,left_only,1
10943,1,0,left_only,1
10945,1,0,left_only,1
10949,1,0,left_only,1
10953,1,0,left_only,1
10955,1,0,left_only,1
10959,1,0,left_only,1
10962,1,0,left_only,1
10965,1,0,left_only,1
10969,1,0,left_only,1
10972,1,0,left_only,1
10975,1,0,left_only,1
10977,1,0,left_only,1
10980,1,0,left_only,1
10983,1,0,left_only,1
10986,1,0,left_only,1
10990,1,0,left_only,1
10992,1,0,left_only,1
10994,1,0,left_only,1
10997,1,0,left_only,1
10999,1,0,left_only,1
11001,1,0,left_only,1
11004,1,0,left_only,1
11007,1,0,left_only,1
11010,1,0,left_only,1
11014,1,0,left_only,1
11017,1,0,left_only,1
11021,1,0,left_only,1
11026,1,0,left_only,1
11028,1,0,left_only,1
11031,1,0,left_only,1
11034,1,0,left_only,1
11038,1,0,left_only,1
11041,1,0,left_only,1
11043,1,0,left_only,1
11045,1,0,left_only,1
11049,1,0,left_only,1
11053,1,0,left_only,1
11054,1,0,left_only,1
11057,1,0,left_only,1
11060,1,0,left_only,1
11063,1,0,left_only,1
11066,1,0,left_only,1
11069,1,0,left_only,1
11073,1,0,left_only,1
11077,2,0,left_only,2
11080,1,0,left_only,1
11082,1,0,left_only,1
11086,1,0,left_only,1
11089,1,0,left_only,1
11092,1,0,left_only,1
11095,1,0,left_only,1
11098,1,0,left_only,1
11100,1,0,left_only,1
11103,1,0,left_only,1
11106,1,0,left_only,1
11109,1,0,left_only,1
11112,1,0,left_only,1
11115,1,0,left_only,1
11119,1,0,left_only,1
11121,1,0,left_only,1
11124,1,0,left_only,1
11128,1,0,left_only,1
11130,1,0,left_only,1
11134,1,0,left_only,1
11137,1,0,left_only,1
11139,1,0,left_only,1
11142,1,0,left_only,1
11145,1,0,left_only,1
11148,1,0,left_only,1
11151,1,0,left_only,1
11153,1,0,left_only,1
11157,1,0,left_only,1
11161,1,0,left_only,1
11164,1,0,left_only,1
11167,1,0,left_only,1
11170,1,0,left_only,1
11172,1,0,left_only,1
11174,1,0,left_only,1
11178,1,0,left_only,1
11181,1,0,left_only,1
11183,1,0,left_only,1
11187,1,0,left_only,1
11190,1,0,left_only,1
11194,1,0,left_only,1
11197,1,0,left_only,1
11200,1,0,left_only,1
11204,1,0,left_only,1
11210,1,0,left_only,1
11215,1,0,left_only,1
11219,1,0,left_only,1
11222,1,0,left_only,1
11226,1,0,left_only,1
11229,1,0,left_only,1
11233,1,0,left_only,1
11236,1,0,left_only,1
11242,1,0,left_only,1
11245,1,0,left_only,1
11249,1,0,left_only,1
11252,1,0,left_only,1
11255,1,0,left_only,1
11258,1,0,left_only,1
11261,1,0,left_only,1
11264,1,0,left_only,1
11268,1,0,left_only,1
11277,1,0,left_only,1
11280,1,0,left_only,1
11285,1,0,left_only,1
11287,2,0,left_only,2
11290,1,0,left_only,1
11293,1,0,left_only,1
11296,1,0,left_only,1
11300,1,0,left_only,1
11303,1,0,left_only,1
11306,1,0,left_only,1
11310,1,0,left_only,1
11313,1,0,left_only,1
11316,2,0,left_only,2
11319,1,0,left_only,1
11322,1,0,left_only,1
11324,2,0,left_only,2
11328,1,0,left_only,1
11332,1,0,left_only,1
11335,1,0,left_only,1
11338,1,0,left_only,1
11341,1,0,left_only,1
11343,1,0,left_only,1
11346,1,0,left_only,1
11349,1,0,left_only,1
11353,1,0,left_only,1
11355,1,0,left_only,1
11359,1,0,left_only,1
11362,1,0,left_only,1
11366,1,0,left_only,1
11369,2,0,left_only,2
11372,1,0,left_only,1
11375,1,0,left_only,1
11379,1,0,left_only,1
11384,1,0,left_only,1
11386,1,0,left_only,1
11389,1,0,left_only,1
11392,1,0,left_only,1
11395,1,0,left_only,1
11398,1,0,left_only,1
11401,1,0,left_only,1
11404,1,0,left_only,1
11406,1,0,left_only,1
11410,1,0,left_only,1
11414,1,0,left_only,1
11416,1,0,left_only,1
11419,1,0,left_only,1
11422,1,0,left_only,1
11427,1,0,left_only,1
11431,1,0,left_only,1
11434,1,0,left_only,1
11436,1,0,left_only,1
11438,1,0,left_only,1
11442,1,0,left_only,1
11445,1,0,left_only,1
11450,1,0,left_only,1
11453,1,0,left_only,1
11455,1,0,left_only,1
11460,1,0,left_only,1
11463,1,0,left_only,1
11466,1,0,left_only,1
11472,1,0,left_only,1
11475,1,0,left_only,1
11480,1,0,left_only,1
11484,1,0,left_only,1
11487,1,0,left_only,1
11510,1,0,left_only,1
11526,2,0,left_only,2
11572,1,0,left_only,1
11575,1,0,left_only,1
11634,1,0,left_only,1
11637,1,0,left_only,1
11696,2,0,left_only,2
11750,1,0,left_only,1
11763,1,0,left_only,1
11958,1,0,left_only,1
16642,1,0,left_only,1
16644,1,0,left_only,1
16646,1,0,left_only,1
16648,1,0,left_only,1
16652,1,0,left_only,1
16654,1,0,left_only,1
16656,2,0,left_only,2
16658,1,0,left_only,1
16659,1,0,left_only,1
16665,1,0,left_only,1
16667,1,0,left_only,1
16668,1,0,left_only,1
16669,1,0,left_only,1
16671,1,0,left_only,1
16673,1,0,left_only,1
16676,1,0,left_only,1
16679,1,0,left_only,1
16681,1,0,left_only,1
16683,1,0,left_only,1
16685,1,0,left_only,1
16687,1,0,left_only,1
16688,1,0,left_only,1
16690,1,0,left_only,1
16692,1,0,left_only,1
16694,1,0,left_only,1
16696,1,0,left_only,1
16698,1,0,left_only,1
16700,1,0,left_only,1
16703,1,0,left_only,1
16705,1,0,left_only,1
16706,1,0,left_only,1
16707,1,0,left_only,1
16709,1,0,left_only,1
16710,1,0,left_only,1
16713,1,0,left_only,1
16714,1,0,left_only,1
16715,2,0,left_only,2
16718,1,0,left_only,1
16720,1,0,left_only,1
16722,1,0,left_only,1
16723,2,0,left_only,2
16727,1,0,left_only,1
16729,1,0,left_only,1
16731,1,0,left_only,1
16732,1,0,left_only,1
16734,1,0,left_only,1
16736,1,0,left_only,1
16738,2,0,left_only,2
16740,1,0,left_only,1
16741,1,0,left_only,1
16744,1,0,left_only,1
16745,1,0,left_only,1
16746,1,0,left_only,1
16749,1,0,left_only,1
16751,1,0,left_only,1
16753,1,0,left_only,1
16755,1,0,left_only,1
16758,1,0,left_only,1
16760,1,0,left_only,1
16761,1,0,left_only,1
16763,1,0,left_only,1
16765,1,0,left_only,1
16767,1,0,left_only,1
16769,1,0,left_only,1
16771,1,0,left_only,1
16772,1,0,left_only,1
16774,2,0,left_only,2
16776,1,0,left_only,1
16779,1,0,left_only,1
16781,1,0,left_only,1
16783,1,0,left_only,1
16785,1,0,left_only,1
16788,1,0,left_only,1
16789,1,0,left_only,1
16791,1,0,left_only,1
16793,1,0,left_only,1
16794,1,0,left_only,1
16795,1,0,left_only,1
16797,1,0,left_only,1
16799,1,0,left_only,1
16801,1,0,left_only,1
16802,1,0,left_only,1
16804,1,0,left_only,1
16805,1,0,left_only,1
16807,1,0,left_only,1
16809,1,0,left_only,1
16811,1,0,left_only,1
16813,1,0,left_only,1
16814,1,0,left_only,1
16815,1,0,left_only,1
16817,1,0,left_only,1
16819,1,0,left_only,1
16821,1,0,left_only,1
16823,1,0,left_only,1
16826,1,0,left_only,1
16828,1,0,left_only,1
16830,1,0,left_only,1
16832,1,0,left_only,1
16834,1,0,left_only,1
16836,1,0,left_only,1
16838,1,0,left_only,1
16839,1,0,left_only,1
16844,1,0,left_only,1
16846,1,0,left_only,1
16847,1,0,left_only,1
16849,1,0,left_only,1
16851,1,0,left_only,1
16854,1,0,left_only,1
16856,1,0,left_only,1
16858,1,0,left_only,1
16860,1,0,left_only,1
16862,1,0,left_only,1
16864,1,0,left_only,1
16865,1,0,left_only,1
16867,1,0,left_only,1
16869,1,0,left_only,1
16871,1,0,left_only,1
16873,1,0,left_only,1
16875,1,0,left_only,1
16877,1,0,left_only,1
16879,1,0,left_only,1
16882,1,0,left_only,1
16886,1,0,left_only,1
16887,1,0,left_only,1
16889,1,0,left_only,1
16892,1,0,left_only,1
16893,1,0,left_only,1
16895,1,0,left_only,1
16898,1,0,left_only,1
16900,1,0,left_only,1
16902,1,0,left_only,1
16904,1,0,left_only,1
16906,1,0,left_only,1
16907,1,0,left_only,1
16909,1,0,left_only,1
16911,1,0,left_only,1
16912,1,0,left_only,1
16914,1,0,left_only,1
16918,2,0,left_only,2
16920,1,0,left_only,1
16921,1,0,left_only,1
16923,1,0,left_only,1
16926,1,0,left_only,1
16927,2,0,left_only,2
16929,1,0,left_only,1
16932,1,0,left_only,1
16933,1,0,left_only,1
16935,1,0,left_only,1
16937,1,0,left_only,1
16940,1,0,left_only,1
16941,1,0,left_only,1
16943,2,0,left_only,2
16945,1,0,left_only,1
16947,1,0,left_only,1
16950,1,0,left_only,1
16951,1,0,left_only,1
16953,1,0,left_only,1
16956,1,0,left_only,1
16958,1,0,left_only,1
16959,1,0,left_only,1
16960,1,0,left_only,1
16963,1,0,left_only,1
16965,1,0,left_only,1
16968,1,0,left_only,1
16970,1,0,left_only,1
16972,1,0,left_only,1
16973,1,0,left_only,1
16975,1,0,left_only,1
16977,1,0,left_only,1
16979,1,0,left_only,1
16982,1,0,left_only,1
16984,1,0,left_only,1
16987,1,0,left_only,1
16989,1,0,left_only,1
16991,1,0,left_only,1
16992,1,0,left_only,1
16994,1,0,left_only,1
16996,1,0,left_only,1
16998,1,0,left_only,1
17002,1,0,left_only,1
17003,1,0,left_only,1
17008,1,0,left_only,1
17010,1,0,left_only,1
17012,1,0,left_only,1
17014,1,0,left_only,1
17016,1,0,left_only,1
17018,1,0,left_only,1
17021,1,0,left_only,1
17025,1,0,left_only,1
17027,1,0,left_only,1
17029,1,0,left_only,1
17030,1,0,left_only,1
17032,1,0,left_only,1
17033,1,0,left_only,1
17035,1,0,left_only,1
17037,1,0,left_only,1
17039,1,0,left_only,1
17041,1,0,left_only,1
17043,1,0,left_only,1
17045,1,0,left_only,1
17047,1,0,left_only,1
17049,1,0,left_only,1
17051,1,0,left_only,1
17053,1,0,left_only,1
17054,1,0,left_only,1
17056,1,0,left_only,1
17058,1,0,left_only,1
17060,1,0,left_only,1
17062,1,0,left_only,1
17064,1,0,left_only,1
17066,1,0,left_only,1
17068,1,0,left_only,1
17070,1,0,left_only,1
17072,1,0,left_only,1
17073,1,0,left_only,1
17074,1,0,left_only,1
17077,1,0,left_only,1
17079,1,0,left_only,1
17080,1,0,left_only,1
17082,1,0,left_only,1
17084,1,0,left_only,1
17086,1,0,left_only,1
17090,1,0,left_only,1
17093,1,0,left_only,1
17094,1,0,left_only,1
17097,1,0,left_only,1
17098,1,0,left_only,1
17100,1,0,left_only,1
17102,1,0,left_only,1
17104,1,0,left_only,1
17106,2,0,left_only,2
17108,1,0,left_only,1
17110,1,0,left_only,1
17112,1,0,left_only,1
17114,1,0,left_only,1
17116,1,0,left_only,1
17118,1,0,left_only,1
17120,1,0,left_only,1
17122,2,0,left_only,2
17127,1,0,left_only,1
17129,1,0,left_only,1
17131,1,0,left_only,1
17133,1,0,left_only,1
17135,1,0,left_only,1
17137,1,0,left_only,1
17140,1,0,left_only,1
17142,1,0,left_only,1
17144,1,0,left_only,1
17146,1,0,left_only,1
17148,1,0,left_only,1
17149,1,0,left_only,1
17151,1,0,left_only,1
17153,1,0,left_only,1
17155,1,0,left_only,1
17157,1,0,left_only,1
17159,1,0,left_only,1
17161,1,0,left_only,1
17163,1,0,left_only,1
17165,1,0,left_only,1
17166,1,0,left_only,1
17169,1,0,left_only,1
17173,1,0,left_only,1
17175,1,0,left_only,1
17180,1,0,left_only,1
17182,1,0,left_only,1
17183,1,0,left_only,1
17185,1,0,left_only,1
17186,1,0,left_only,1
17188,1,0,left_only,1
17190,1,0,left_only,1
17192,1,0,left_only,1
17194,1,0,left_only,1
17195,1,0,left_only,1
17197,1,0,left_only,1
17200,1,0,left_only,1
17203,1,0,left_only,1
17204,1,0,left_only,1
17206,1,0,left_only,1
17208,1,0,left_only,1
17210,1,0,left_only,1
17213,1,0,left_only,1
17215,1,0,left_only,1
17217,2,0,left_only,2
17219,1,0,left_only,1
17221,1,0,left_only,1
17223,1,0,left_only,1
17225,1,0,left_only,1
17226,1,0,left_only,1
17228,1,0,left_only,1
17229,1,0,left_only,1
17231,1,0,left_only,1
17233,1,0,left_only,1
17236,1,0,left_only,1
17238,1,0,left_only,1
17240,1,0,left_only,1
17242,1,0,left_only,1
17243,1,0,left_only,1
17245,1,0,left_only,1
17247,1,0,left_only,1
17249,1,0,left_only,1
17250,1,0,left_only,1
17252,2,0,left_only,2
17254,1,0,left_only,1
17256,1,0,left_only,1
17258,2,0,left_only,2
17260,1,0,left_only,1
17264,1,0,left_only,1
17267,2,0,left_only,2
17268,1,0,left_only,1
17270,1,0,left_only,1
17271,2,0,left_only,2
17273,1,0,left_only,1
17275,1,0,left_only,1
17277,1,0,left_only,1
17281,1,0,left_only,1
17283,1,0,left_only,1
17286,1,0,left_only,1
17289,1,0,left_only,1
17291,1,0,left_only,1
17294,1,0,left_only,1
17296,1,0,left_only,1
17298,1,0,left_only,1
17300,1,0,left_only,1
17303,1,0,left_only,1
17304,1,0,left_only,1
17306,1,0,left_only,1
17307,1,0,left_only,1
17309,1,0,left_only,1
17310,1,0,left_only,1
17312,2,0,left_only,2
17314,1,0,left_only,1
17316,1,0,left_only,1
17318,1,0,left_only,1
17319,1,0,left_only,1
17321,1,0,left_only,1
17323,1,0,left_only,1
17325,1,0,left_only,1
17327,1,0,left_only,1
17329,1,0,left_only,1
17331,1,0,left_only,1
17332,1,0,left_only,1
17333,1,0,left_only,1
17335,1,0,left_only,1
17338,1,0,left_only,1
17340,1,0,left_only,1
17342,1,0,left_only,1
17344,1,0,left_only,1
17346,1,0,left_only,1
17347,1,0,left_only,1
17349,1,0,left_only,1
17351,1,0,left_only,1
17353,1,0,left_only,1
17355,1,0,left_only,1
17357,1,0,left_only,1
17358,1,0,left_only,1
17359,1,0,left_only,1
17361,1,0,left_only,1
17364,1,0,left_only,1
17366,1,0,left_only,1
17368,1,0,left_only,1
17370,1,0,left_only,1
17372,1,0,left_only,1
17374,1,0,left_only,1
17375,2,0,left_only,2
17377,1,0,left_only,1
17379,1,0,left_only,1
17381,1,0,left_only,1
17383,2,0,left_only,2
17385,1,0,left_only,1
17387,1,0,left_only,1
17389,1,0,left_only,1
17390,1,0,left_only,1
17391,1,0,left_only,1
17393,1,0,left_only,1
17395,1,0,left_only,1
17397,1,0,left_only,1
17399,1,0,left_only,1
17401,1,0,left_only,1
17402,1,0,left_only,1
17404,1,0,left_only,1
17406,2,0,left_only,2
17408,1,0,left_only,1
17409,1,0,left_only,1
17411,1,0,left_only,1
17412,1,0,left_only,1
17414,1,0,left_only,1
17416,1,0,left_only,1
17417,1,0,left_only,1
17419,1,0,left_only,1
17420,1,0,left_only,1
17422,1,0,left_only,1
17424,1,0,left_only,1
17425,1,0,left_only,1
17427,1,0,left_only,1
17429,1,0,left_only,1
17430,1,0,left_only,1
17432,1,0,left_only,1
17433,1,0,left_only,1
17434,1,0,left_only,1
17436,1,0,left_only,1
17439,1,0,left_only,1
17441,2,0,left_only,2
17443,1,0,left_only,1
17444,1,0,left_only,1
17446,1,0,left_only,1
17448,1,0,left_only,1
17451,1,0,left_only,1
17454,1,0,left_only,1
17456,2,0,left_only,2
17459,1,0,left_only,1
17461,1,0,left_only,1
17463,1,0,left_only,1
17465,1,0,left_only,1
17466,1,0,left_only,1
17468,1,0,left_only,1
17469,1,0,left_only,1
17470,2,0,left_only,2
17472,1,0,left_only,1
17474,1,0,left_only,1
17476,1,0,left_only,1
17478,1,0,left_only,1
17479,1,0,left_only,1
17481,1,0,left_only,1
17483,1,0,left_only,1
17485,1,0,left_only,1
17487,1,0,left_only,1
17491,2,0,left_only,2
17493,1,0,left_only,1
17495,1,0,left_only,1
17497,1,0,left_only,1
17499,1,0,left_only,1
17501,1,0,left_only,1
17502,1,0,left_only,1
17504,1,0,left_only,1
17506,2,0,left_only,2
17507,1,0,left_only,1
17509,1,0,left_only,1
17511,1,0,left_only,1
17514,1,0,left_only,1
17516,1,0,left_only,1
17517,1,0,left_only,1
17522,1,0,left_only,1
17523,1,0,left_only,1
17525,1,0,left_only,1
17526,1,0,left_only,1
17528,1,0,left_only,1
17530,1,0,left_only,1
17531,2,0,left_only,2
17532,1,0,left_only,1
17534,1,0,left_only,1
17535,1,0,left_only,1
17537,1,0,left_only,1
17539,1,0,left_only,1
17542,1,0,left_only,1
17544,1,0,left_only,1
17546,1,0,left_only,1
17548,2,0,left_only,2
17550,1,0,left_only,1
17552,1,0,left_only,1
17554,2,0,left_only,2
17556,1,0,left_only,1
17558,1,0,left_only,1
17560,1,0,left_only,1
17562,2,0,left_only,2
17565,2,0,left_only,2
17567,1,0,left_only,1
17568,1,0,left_only,1
17570,1,0,left_only,1
17572,1,0,left_only,1
17573,1,0,left_only,1
17575,1,0,left_only,1
17577,1,0,left_only,1
17578,1,0,left_only,1
17580,1,0,left_only,1
17582,1,0,left_only,1
17584,1,0,left_only,1
17586,1,0,left_only,1
17587,1,0,left_only,1
17588,1,0,left_only,1
17589,1,0,left_only,1
17590,1,0,left_only,1
17592,1,0,left_only,1
17594,1,0,left_only,1
17596,1,0,left_only,1
17598,1,0,left_only,1
17600,1,0,left_only,1
17602,1,0,left_only,1
17604,1,0,left_only,1
17605,1,0,left_only,1
17606,1,0,left_only,1
17607,1,0,left_only,1
17609,1,0,left_only,1
17611,1,0,left_only,1
17612,1,0,left_only,1
17614,1,0,left_only,1
17617,1,0,left_only,1
17619,1,0,left_only,1
17621,1,0,left_only,1
17626,1,0,left_only,1
17627,2,0,left_only,2
17629,2,0,left_only,2
17631,1,0,left_only,1
17633,1,0,left_only,1
17637,1,0,left_only,1
17639,1,0,left_only,1
17641,1,0,left_only,1
17642,1,0,left_only,1
17643,1,0,left_only,1
17645,2,0,left_only,2
17647,1,0,left_only,1
17649,1,0,left_only,1
17651,1,0,left_only,1
17652,1,0,left_only,1
17654,1,0,left_only,1
17655,1,0,left_only,1
17656,1,0,left_only,1
17657,1,0,left_only,1
17659,1,0,left_only,1
17660,1,0,left_only,1
17663,1,0,left_only,1
17665,1,0,left_only,1
17667,1,0,left_only,1
17669,1,0,left_only,1
17671,1,0,left_only,1
17672,1,0,left_only,1
17674,1,0,left_only,1
17675,1,0,left_only,1
17677,1,0,left_only,1
17680,1,0,left_only,1
17683,1,0,left_only,1
17686,1,0,left_only,1
17688,1,0,left_only,1
17690,1,0,left_only,1
17692,1,0,left_only,1
17694,2,0,left_only,2
17696,1,0,left_only,1
17697,1,0,left_only,1
17699,1,0,left_only,1
17701,1,0,left_only,1
17703,2,0,left_only,2
17705,1,0,left_only,1
17707,1,0,left_only,1
17709,1,0,left_only,1
17712,2,0,left_only,2
17715,1,0,left_only,1
17719,1,0,left_only,1
17721,1,0,left_only,1
17723,1,0,left_only,1
17725,1,0,left_only,1
17726,1,0,left_only,1
17728,1,0,left_only,1
17730,1,0,left_only,1
17732,1,0,left_only,1
17734,1,0,left_only,1
17735,1,0,left_only,1
17737,1,0,left_only,1
17739,1,0,left_only,1
17741,1,0,left_only,1
17743,1,0,left_only,1
17744,1,0,left_only,1
17747,1,0,left_only,1
17748,1,0,left_only,1
17750,1,0,left_only,1
17751,2,0,left_only,2
17753,1,0,left_only,1
17755,1,0,left_only,1
17756,1,0,left_only,1
17758,1,0,left_only,1
17759,1,0,left_only,1
17761,1,0,left_only,1
17763,1,0,left_only,1
17766,1,0,left_only,1
17767,1,0,left_only,1
17771,1,0,left_only,1
17774,1,0,left_only,1
17776,1,0,left_only,1
17778,1,0,left_only,1
17780,1,0,left_only,1
17782,1,0,left_only,1
17784,1,0,left_only,1
17785,1,0,left_only,1
17787,2,0,left_only,2
17789,1,0,left_only,1
17791,1,0,left_only,1
17793,1,0,left_only,1
17795,1,0,left_only,1
17798,1,0,left_only,1
17799,2,0,left_only,2
17801,1,0,left_only,1
17803,1,0,left_only,1
17806,1,0,left_only,1
17808,1,0,left_only,1
17811,1,0,left_only,1
17813,1,0,left_only,1
17815,1,0,left_only,1
17817,1,0,left_only,1
17820,1,0,left_only,1
17821,1,0,left_only,1
17822,1,0,left_only,1
17825,1,0,left_only,1
17827,1,0,left_only,1
17830,1,0,left_only,1
17831,1,0,left_only,1
17833,1,0,left_only,1
17835,1,0,left_only,1
17838,1,0,left_only,1
17839,1,0,left_only,1
17840,1,0,left_only,1
17842,1,0,left_only,1
17844,1,0,left_only,1
17847,1,0,left_only,1
17849,1,0,left_only,1
17855,1,0,left_only,1
17857,1,0,left_only,1
17860,1,0,left_only,1
17862,1,0,left_only,1
17863,1,0,left_only,1
17865,1,0,left_only,1
17866,1,0,left_only,1
17868,1,0,left_only,1
17870,1,0,left_only,1
17872,1,0,left_only,1
17873,1,0,left_only,1
17875,1,0,left_only,1
17877,1,0,left_only,1
17878,1,0,left_only,1
17882,1,0,left_only,1
17884,1,0,left_only,1
17886,1,0,left_only,1
17889,1,0,left_only,1
17890,1,0,left_only,1
17892,1,0,left_only,1
17895,1,0,left_only,1
17898,1,0,left_only,1
17900,1,0,left_only,1
17902,1,0,left_only,1
17904,1,0,left_only,1
17906,1,0,left_only,1
17908,1,0,left_only,1
17910,1,0,left_only,1
17912,1,0,left_only,1
17914,1,0,left_only,1
17916,2,0,left_only,2
17918,1,0,left_only,1
17920,1,0,left_only,1
17923,1,0,left_only,1
17925,1,0,left_only,1
17927,1,0,left_only,1
17928,1,0,left_only,1
17930,1,0,left_only,1
17933,1,0,left_only,1
17935,1,0,left_only,1
17938,1,0,left_only,1
17940,1,0,left_only,1
17941,2,0,left_only,2
17943,1,0,left_only,1
17944,1,0,left_only,1
17946,1,0,left_only,1
17950,1,0,left_only,1
17952,1,0,left_only,1
17954,1,0,left_only,1
17956,1,0,left_only,1
17957,1,0,left_only,1
17959,1,0,left_only,1
17961,1,0,left_only,1
17963,1,0,left_only,1
17964,2,0,left_only,2
17966,1,0,left_only,1
17968,1,0,left_only,1
17970,1,0,left_only,1
17971,1,0,left_only,1
17973,1,0,left_only,1
17975,1,0,left_only,1
17978,1,0,left_only,1
17981,1,0,left_only,1
17982,1,0,left_only,1
17984,1,0,left_only,1
17986,1,0,left_only,1
17988,1,0,left_only,1
17989,1,0,left_only,1
17990,1,0,left_only,1
17991,1,0,left_only,1
17993,1,0,left_only,1
17995,1,0,left_only,1
17997,1,0,left_only,1
17999,1,0,left_only,1
18001,1,0,left_only,1
18004,1,0,left_only,1
18005,1,0,left_only,1
18008,1,0,left_only,1
18009,1,0,left_only,1
18011,1,0,left_only,1
18013,1,0,left_only,1
18016,1,0,left_only,1
18018,1,0,left_only,1
18020,1,0,left_only,1
18022,1,0,left_only,1
18024,1,0,left_only,1
18026,1,0,left_only,1
18027,1,0,left_only,1
18030,1,0,left_only,1
18033,1,0,left_only,1
18034,1,0,left_only,1
18036,1,0,left_only,1
18040,1,0,left_only,1
18042,1,0,left_only,1
18043,1,0,left_only,1
18045,1,0,left_only,1
18047,1,0,left_only,1
18049,1,0,left_only,1
18051,1,0,left_only,1
18053,1,0,left_only,1
18055,1,0,left_only,1
18057,1,0,left_only,1
18060,1,0,left_only,1
18061,1,0,left_only,1
18063,1,0,left_only,1
18066,1,0,left_only,1
18068,1,0,left_only,1
18073,1,0,left_only,1
18075,1,0,left_only,1
18077,1,0,left_only,1
18079,1,0,left_only,1
18081,1,0,left_only,1
18083,2,0,left_only,2
18088,1,0,left_only,1
18090,1,0,left_only,1
18092,1,0,left_only,1
18094,1,0,left_only,1
18096,1,0,left_only,1
18098,1,0,left_only,1
18099,1,0,left_only,1
18101,1,0,left_only,1
18102,1,0,left_only,1
18105,1,0,left_only,1
18106,1,0,left_only,1
18108,1,0,left_only,1
18110,1,0,left_only,1
18112,1,0,left_only,1
18113,2,0,left_only,2
18115,1,0,left_only,1
18116,1,0,left_only,1
18117,1,0,left_only,1
18119,1,0,left_only,1
18120,1,0,left_only,1
18122,1,0,left_only,1
18124,1,0,left_only,1
18126,1,0,left_only,1
18128,1,0,left_only,1
18130,1,0,left_only,1
18132,1,0,left_only,1
18136,1,0,left_only,1
18138,1,0,left_only,1
18140,1,0,left_only,1
18142,1,0,left_only,1
18144,1,0,left_only,1
18145,1,0,left_only,1
18147,1,0,left_only,1
18149,1,0,left_only,1
18152,1,0,left_only,1
18154,1,0,left_only,1
18155,1,0,left_only,1
18157,1,0,left_only,1
18159,1,0,left_only,1
18161,1,0,left_only,1
18163,1,0,left_only,1
18164,1,0,left_only,1
18166,1,0,left_only,1
18168,1,0,left_only,1
18169,1,0,left_only,1
18171,1,0,left_only,1
18172,2,0,left_only,2
18173,2,0,left_only,2
18174,1,0,left_only,1
18181,1,0,left_only,1
18182,1,0,left_only,1
18184,1,0,left_only,1
18187,1,0,left_only,1
18188,1,0,left_only,1
18190,2,0,left_only,2
18192,1,0,left_only,1
18194,1,0,left_only,1
18196,1,0,left_only,1
18198,1,0,left_only,1
18202,1,0,left_only,1
18204,1,0,left_only,1
18205,1,0,left_only,1
18207,1,0,left_only,1
18209,1,0,left_only,1
18211,1,0,left_only,1
18213,1,0,left_only,1
18215,1,0,left_only,1
18216,1,0,left_only,1
18219,1,0,left_only,1
18221,1,0,left_only,1
18224,1,0,left_only,1
18225,1,0,left_only,1
18226,1,0,left_only,1
18228,1,0,left_only,1
18229,1,0,left_only,1
18231,1,0,left_only,1
18233,1,0,left_only,1
18235,1,0,left_only,1
18236,1,0,left_only,1
18238,1,0,left_only,1
18240,1,0,left_only,1
18242,1,0,left_only,1
18244,1,0,left_only,1
18246,1,0,left_only,1
18247,1,0,left_only,1
18249,1,0,left_only,1
18251,1,0,left_only,1
18253,1,0,left_only,1
18255,1,0,left_only,1
18256,1,0,left_only,1
18258,1,0,left_only,1
18259,1,0,left_only,1
18260,1,0,left_only,1
18262,1,0,left_only,1
18263,1,0,left_only,1
18265,1,0,left_only,1
18267,1,0,left_only,1
18269,1,0,left_only,1
18271,1,0,left_only,1
18273,1,0,left_only,1
18275,2,0,left_only,2
18276,1,0,left_only,1
18278,1,0,left_only,1
18280,1,0,left_only,1
18282,1,0,left_only,1
18284,1,0,left_only,1
18286,1,0,left_only,1
18288,1,0,left_only,1
18289,1,0,left_only,1
18291,1,0,left_only,1
18292,1,0,left_only,1
18294,1,0,left_only,1
18296,1,0,left_only,1
18297,1,0,left_only,1
18299,1,0,left_only,1
18304,1,0,left_only,1
18305,1,0,left_only,1
18307,1,0,left_only,1
18309,1,0,left_only,1
18312,1,0,left_only,1
18315,2,0,left_only,2
18317,1,0,left_only,1
18319,2,0,left_only,2
18321,2,0,left_only,2
18323,1,0,left_only,1
18324,1,0,left_only,1
18327,1,0,left_only,1
18329,1,0,left_only,1
18331,1,0,left_only,1
18333,1,0,left_only,1
18335,1,0,left_only,1
18336,1,0,left_only,1
18338,1,0,left_only,1
18339,1,0,left_only,1
18341,1,0,left_only,1
18343,1,0,left_only,1
18345,1,0,left_only,1
18347,1,0,left_only,1
18351,1,0,left_only,1
18353,1,0,left_only,1
18355,1,0,left_only,1
18357,2,0,left_only,2
18358,1,0,left_only,1
18360,1,0,left_only,1
18363,1,0,left_only,1
18364,1,0,left_only,1
18366,2,0,left_only,2
18369,1,0,left_only,1
18371,1,0,left_only,1
18373,1,0,left_only,1
18375,1,0,left_only,1
18376,2,0,left_only,2
18378,1,0,left_only,1
18379,1,0,left_only,1
18381,1,0,left_only,1
18383,1,0,left_only,1
18384,1,0,left_only,1
18385,1,0,left_only,1
18386,1,0,left_only,1
18388,1,0,left_only,1
18390,1,0,left_only,1
18392,1,0,left_only,1
18393,1,0,left_only,1
18395,1,0,left_only,1
18397,2,0,left_only,2
18398,1,0,left_only,1
18400,1,0,left_only,1
18401,1,0,left_only,1
18404,1,0,left_only,1
18406,1,0,left_only,1
18408,1,0,left_only,1
18410,1,0,left_only,1
18413,1,0,left_only,1
18414,1,0,left_only,1
18416,1,0,left_only,1
18419,1,0,left_only,1
18420,1,0,left_only,1
18422,1,0,left_only,1
18426,1,0,left_only,1
18428,1,0,left_only,1
18430,1,0,left_only,1
18432,1,0,left_only,1
18433,1,0,left_only,1
18435,1,0,left_only,1
18436,1,0,left_only,1
18438,1,0,left_only,1
18440,1,0,left_only,1
18442,1,0,left_only,1
18444,1,0,left_only,1
18446,1,0,left_only,1
18450,1,0,left_only,1
18451,1,0,left_only,1
18452,1,0,left_only,1
18454,1,0,left_only,1
18457,1,0,left_only,1
18458,1,0,left_only,1
18460,1,0,left_only,1
18462,1,0,left_only,1
18466,1,0,left_only,1
18468,1,0,left_only,1
18470,1,0,left_only,1
18472,1,0,left_only,1
18473,2,0,left_only,2
18475,1,0,left_only,1
18476,1,0,left_only,1
18478,1,0,left_only,1
18479,1,0,left_only,1
18481,1,0,left_only,1
18483,1,0,left_only,1
18485,1,0,left_only,1
18487,1,0,left_only,1
18488,1,0,left_only,1
18490,1,0,left_only,1
18494,1,0,left_only,1
18496,1,0,left_only,1
18498,1,0,left_only,1
18502,1,0,left_only,1
18504,1,0,left_only,1
18506,1,0,left_only,1
18508,1,0,left_only,1
18511,1,0,left_only,1
18513,1,0,left_only,1
18514,1,0,left_only,1
18516,1,0,left_only,1
18518,1,0,left_only,1
18520,2,0,left_only,2
18522,1,0,left_only,1
18523,1,0,left_only,1
18525,1,0,left_only,1
18527,1,0,left_only,1
18530,1,0,left_only,1
18532,1,0,left_only,1
18533,1,0,left_only,1
18535,1,0,left_only,1
18537,1,0,left_only,1
18539,1,0,left_only,1
18541,1,0,left_only,1
18543,1,0,left_only,1
18545,2,0,left_only,2
18547,1,0,left_only,1
18551,1,0,left_only,1
18553,1,0,left_only,1
18556,1,0,left_only,1
18558,1,0,left_only,1
18560,1,0,left_only,1
18562,1,0,left_only,1
18563,1,0,left_only,1
18564,1,0,left_only,1
18566,1,0,left_only,1
18568,2,0,left_only,2
18570,1,0,left_only,1
18571,1,0,left_only,1
18573,1,0,left_only,1
18575,2,0,left_only,2
18576,1,0,left_only,1
18578,2,0,left_only,2
18579,1,0,left_only,1
18581,1,0,left_only,1
18582,1,0,left_only,1
18583,1,0,left_only,1
18585,1,0,left_only,1
18589,1,0,left_only,1
18590,1,0,left_only,1
18592,1,0,left_only,1
18594,1,0,left_only,1
18595,1,0,left_only,1
18597,1,0,left_only,1
18599,1,0,left_only,1
18601,1,0,left_only,1
18603,1,0,left_only,1
18605,1,0,left_only,1
18607,1,0,left_only,1
18608,1,0,left_only,1
18609,1,0,left_only,1
18611,1,0,left_only,1
18613,2,0,left_only,2
18615,1,0,left_only,1
18617,1,0,left_only,1
18620,1,0,left_only,1
18622,1,0,left_only,1
18624,1,0,left_only,1
18627,1,0,left_only,1
18629,1,0,left_only,1
18631,2,0,left_only,2
18632,1,0,left_only,1
18634,1,0,left_only,1
18635,1,0,left_only,1
18637,1,0,left_only,1
18639,1,0,left_only,1
18641,1,0,left_only,1
18643,1,0,left_only,1
18645,1,0,left_only,1
18646,1,0,left_only,1
18648,1,0,left_only,1
18650,1,0,left_only,1
18652,1,0,left_only,1
18654,1,0,left_only,1
18656,1,0,left_only,1
18658,1,0,left_only,1
18660,1,0,left_only,1
18662,1,0,left_only,1
18664,1,0,left_only,1
18666,1,0,left_only,1
18667,1,0,left_only,1
18669,1,0,left_only,1
18671,1,0,left_only,1
18672,1,0,left_only,1
18674,1,0,left_only,1
18676,1,0,left_only,1
18678,1,0,left_only,1
18680,1,0,left_only,1
18682,1,0,left_only,1
18684,1,0,left_only,1
18685,1,0,left_only,1
18686,1,0,left_only,1
18688,1,0,left_only,1
18690,2,0,left_only,2
18691,1,0,left_only,1
18693,1,0,left_only,1
18695,1,0,left_only,1
18697,1,0,left_only,1
18700,1,0,left_only,1
18702,1,0,left_only,1
18704,1,0,left_only,1
18706,1,0,left_only,1
18707,1,0,left_only,1
18708,1,0,left_only,1
18710,1,0,left_only,1
18711,1,0,left_only,1
18713,1,0,left_only,1
18714,1,0,left_only,1
18715,1,0,left_only,1
18721,1,0,left_only,1
18723,1,0,left_only,1
18725,1,0,left_only,1
18727,1,0,left_only,1
18729,1,0,left_only,1
18730,1,0,left_only,1
18731,1,0,left_only,1
18733,1,0,left_only,1
18737,1,0,left_only,1
18739,1,0,left_only,1
18742,1,0,left_only,1
18744,1,0,left_only,1
18747,1,0,left_only,1
18750,1,0,left_only,1
18752,1,0,left_only,1
18753,2,0,left_only,2
18755,1,0,left_only,1
18756,1,0,left_only,1
18757,1,0,left_only,1
18759,1,0,left_only,1
18762,1,0,left_only,1
18763,1,0,left_only,1
18765,1,0,left_only,1
18767,1,0,left_only,1
18769,1,0,left_only,1
18771,1,0,left_only,1
18773,1,0,left_only,1
18775,1,0,left_only,1
18777,1,0,left_only,1
18779,1,0,left_only,1
18781,1,0,left_only,1
18783,1,0,left_only,1
18786,1,0,left_only,1
18788,1,0,left_only,1
18791,1,0,left_only,1
18793,1,0,left_only,1
18795,1,0,left_only,1
18797,1,0,left_only,1
18799,1,0,left_only,1
18801,1,0,left_only,1
18802,1,0,left_only,1
18804,1,0,left_only,1
18805,1,0,left_only,1
18807,1,0,left_only,1
18809,1,0,left_only,1
18811,1,0,left_only,1
18813,1,0,left_only,1
18816,1,0,left_only,1
18819,1,0,left_only,1
18822,1,0,left_only,1
18823,1,0,left_only,1
18824,1,0,left_only,1
18826,1,0,left_only,1
18828,1,0,left_only,1
18829,1,0,left_only,1
18831,1,0,left_only,1
18834,1,0,left_only,1
18835,1,0,left_only,1
18836,1,0,left_only,1
18839,2,0,left_only,2
18842,1,0,left_only,1
18845,1,0,left_only,1
18846,1,0,left_only,1
18848,1,0,left_only,1
18849,1,0,left_only,1
18852,1,0,left_only,1
18853,1,0,left_only,1
18857,1,0,left_only,1
18859,1,0,left_only,1
18861,1,0,left_only,1
18863,1,0,left_only,1
18866,1,0,left_only,1
18867,1,0,left_only,1
18870,1,0,left_only,1
18872,1,0,left_only,1
18874,1,0,left_only,1
18876,1,0,left_only,1
18878,1,0,left_only,1
18880,1,0,left_only,1
18882,1,0,left_only,1
18884,1,0,left_only,1
18886,1,0,left_only,1
18888,1,0,left_only,1
18890,1,0,left_only,1
18892,1,0,left_only,1
18894,1,0,left_only,1
18896,1,0,left_only,1
18898,1,0,left_only,1
18899,1,0,left_only,1
18900,1,0,left_only,1
18902,1,0,left_only,1
18903,1,0,left_only,1
18905,1,0,left_only,1
18907,1,0,left_only,1
18909,1,0,left_only,1
18910,1,0,left_only,1
18912,1,0,left_only,1
18914,1,0,left_only,1
18917,1,0,left_only,1
18919,1,0,left_only,1
18921,1,0,left_only,1
18924,1,0,left_only,1
18928,1,0,left_only,1
18929,1,0,left_only,1
18931,1,0,left_only,1
18932,1,0,left_only,1
18934,1,0,left_only,1
18936,1,0,left_only,1
18939,1,0,left_only,1
18940,1,0,left_only,1
18942,1,0,left_only,1
18945,1,0,left_only,1
18947,1,0,left_only,1
18949,1,0,left_only,1
18953,1,0,left_only,1
18955,1,0,left_only,1
18957,1,0,left_only,1
18959,1,0,left_only,1
18960,1,0,left_only,1
18962,1,0,left_only,1
18965,1,0,left_only,1
18967,1,0,left_only,1
18969,1,0,left_only,1
18970,1,0,left_only,1
18972,1,0,left_only,1
18973,1,0,left_only,1
18974,1,0,left_only,1
18975,1,0,left_only,1
18977,1,0,left_only,1
18979,1,0,left_only,1
18981,1,0,left_only,1
18983,1,0,left_only,1
18985,1,0,left_only,1
18988,1,0,left_only,1
18989,1,0,left_only,1
18991,1,0,left_only,1
18993,1,0,left_only,1
18996,1,0,left_only,1
18998,1,0,left_only,1
19000,1,0,left_only,1
19002,1,0,left_only,1
19004,1,0,left_only,1
19006,1,0,left_only,1
19007,1,0,left_only,1
19008,1,0,left_only,1
19010,1,0,left_only,1
19013,1,0,left_only,1
19014,1,0,left_only,1
19016,1,0,left_only,1
19018,1,0,left_only,1
19019,1,0,left_only,1
19020,1,0,left_only,1
19022,1,0,left_only,1
19024,1,0,left_only,1
19026,1,0,left_only,1
19029,1,0,left_only,1
19032,1,0,left_only,1
19036,1,0,left_only,1
19038,1,0,left_only,1
19041,1,0,left_only,1
19042,1,0,left_only,1
19044,1,0,left_only,1
19046,1,0,left_only,1
19048,1,0,left_only,1
19050,1,0,left_only,1
19051,1,0,left_only,1
19052,1,0,left_only,1
19054,1,0,left_only,1
19055,1,0,left_only,1
19056,1,0,left_only,1
19057,1,0,left_only,1
19059,1,0,left_only,1
19061,1,0,left_only,1
19062,1,0,left_only,1
19066,1,0,left_only,1
19067,1,0,left_only,1
19069,1,0,left_only,1
19071,1,0,left_only,1
19073,1,0,left_only,1
19074,1,0,left_only,1
19076,1,0,left_only,1
19077,1,0,left_only,1
19079,1,0,left_only,1
19080,1,0,left_only,1
19082,1,0,left_only,1
19084,1,0,left_only,1
19086,1,0,left_only,1
19090,1,0,left_only,1
19093,1,0,left_only,1
19095,1,0,left_only,1
19097,1,0,left_only,1
19099,1,0,left_only,1
19102,1,0,left_only,1
19103,2,0,left_only,2
19105,1,0,left_only,1
19106,1,0,left_only,1
19108,1,0,left_only,1
19110,1,0,left_only,1
19112,1,0,left_only,1
19114,1,0,left_only,1
19115,1,0,left_only,1
19117,1,0,left_only,1
19118,1,0,left_only,1
19119,1,0,left_only,1
19121,1,0,left_only,1
19124,1,0,left_only,1
19126,1,0,left_only,1
19128,1,0,left_only,1
19131,1,0,left_only,1
19133,1,0,left_only,1
19136,1,0,left_only,1
19138,1,0,left_only,1
19140,1,0,left_only,1
19141,1,0,left_only,1
19144,1,0,left_only,1
19146,1,0,left_only,1
19148,1,0,left_only,1
19150,1,0,left_only,1
19152,1,0,left_only,1
19154,1,0,left_only,1
19156,1,0,left_only,1
19157,1,0,left_only,1
19159,1,0,left_only,1
19161,1,0,left_only,1
19163,1,0,left_only,1
19165,1,0,left_only,1
19166,1,0,left_only,1
19168,1,0,left_only,1
19172,1,0,left_only,1
19174,1,0,left_only,1
19176,1,0,left_only,1
19177,1,0,left_only,1
19179,1,0,left_only,1
19181,1,0,left_only,1
19184,1,0,left_only,1
19186,1,0,left_only,1
19188,1,0,left_only,1
19192,1,0,left_only,1
19193,1,0,left_only,1
19198,1,0,left_only,1
19201,1,0,left_only,1
19202,1,0,left_only,1
19203,1,0,left_only,1
19204,1,0,left_only,1
19208,1,0,left_only,1
19210,2,0,left_only,2
19212,1,0,left_only,1
19213,2,0,left_only,2
19216,1,0,left_only,1
19218,1,0,left_only,1
19222,1,0,left_only,1
19224,1,0,left_only,1
19226,1,0,left_only,1
19228,1,0,left_only,1
19229,1,0,left_only,1
19231,1,0,left_only,1
19234,1,0,left_only,1
19236,1,0,left_only,1
19238,1,0,left_only,1
19240,2,0,left_only,2
19242,1,0,left_only,1
19245,1,0,left_only,1
19247,1,0,left_only,1
19248,1,0,left_only,1
19250,1,0,left_only,1
19253,1,0,left_only,1
19255,1,0,left_only,1
19257,1,0,left_only,1
19258,1,0,left_only,1
19260,1,0,left_only,1
19263,1,0,left_only,1
19265,1,0,left_only,1
19267,1,0,left_only,1
19269,1,0,left_only,1
19271,1,0,left_only,1
19273,1,0,left_only,1
19275,1,0,left_only,1
19277,1,0,left_only,1
19279,1,0,left_only,1
19281,1,0,left_only,1
19282,1,0,left_only,1
19286,1,0,left_only,1
19288,1,0,left_only,1
19289,1,0,left_only,1
19292,1,0,left_only,1
19294,1,0,left_only,1
19296,1,0,left_only,1
19299,1,0,left_only,1
19300,1,0,left_only,1
19301,1,0,left_only,1
19303,1,0,left_only,1
19305,1,0,left_only,1
19307,1,0,left_only,1
19309,1,0,left_only,1
19311,1,0,left_only,1
19314,1,0,left_only,1
19316,1,0,left_only,1
19318,1,0,left_only,1
19320,1,0,left_only,1
19322,1,0,left_only,1
19324,1,0,left_only,1
19328,1,0,left_only,1
19329,1,0,left_only,1
19331,1,0,left_only,1
19333,1,0,left_only,1
19335,1,0,left_only,1
19336,1,0,left_only,1
19338,1,0,left_only,1
19340,1,0,left_only,1
19341,1,0,left_only,1
19345,1,0,left_only,1
19347,2,0,left_only,2
19349,1,0,left_only,1
19351,1,0,left_only,1
19354,1,0,left_only,1
19356,1,0,left_only,1
19358,1,0,left_only,1
19360,1,0,left_only,1
19362,1,0,left_only,1
19364,1,0,left_only,1
19366,1,0,left_only,1
19368,1,0,left_only,1
19370,1,0,left_only,1
19372,1,0,left_only,1
19376,1,0,left_only,1
19379,1,0,left_only,1
19381,1,0,left_only,1
19382,1,0,left_only,1
19384,1,0,left_only,1
19386,1,0,left_only,1
19390,1,0,left_only,1
19393,1,0,left_only,1
19394,1,0,left_only,1
19397,1,0,left_only,1
19398,1,0,left_only,1
19400,1,0,left_only,1
19401,1,0,left_only,1
19402,1,0,left_only,1
19405,1,0,left_only,1
19408,1,0,left_only,1
19410,1,0,left_only,1
19412,1,0,left_only,1
19414,1,0,left_only,1
19416,1,0,left_only,1
19418,1,0,left_only,1
19420,1,0,left_only,1
19422,1,0,left_only,1
19425,1,0,left_only,1
19428,1,0,left_only,1
19429,1,0,left_only,1
19431,1,0,left_only,1
19433,1,0,left_only,1
19435,1,0,left_only,1
19437,1,0,left_only,1
19438,1,0,left_only,1
19442,1,0,left_only,1
19444,1,0,left_only,1
19446,1,0,left_only,1
19447,1,0,left_only,1
19449,1,0,left_only,1
19451,1,0,left_only,1
19454,1,0,left_only,1
19456,1,0,left_only,1
19457,1,0,left_only,1
19459,2,0,left_only,2
19461,1,0,left_only,1
19463,1,0,left_only,1
19465,1,0,left_only,1
19467,1,0,left_only,1
19469,1,0,left_only,1
19471,11,0,left_only,11
19473,1,0,left_only,1
19475,1,0,left_only,1
19477,1,0,left_only,1
19479,2,0,left_only,2
19481,2,0,left_only,2
19483,1,0,left_only,1
19484,1,0,left_only,1
19485,1,0,left_only,1
19487,1,0,left_only,1
19488,1,0,left_only,1
19490,2,0,left_only,2
19492,2,0,left_only,2
19494,2,0,left_only,2
19496,1,0,left_only,1
19498,1,0,left_only,1
19499,1,0,left_only,1
19500,1,0,left_only,1
19505,1,0,left_only,1
19506,1,0,left_only,1
19508,1,0,left_only,1
19510,1,0,left_only,1
19512,1,0,left_only,1
19514,1,0,left_only,1
19515,2,0,left_only,2
19516,1,0,left_only,1
19518,1,0,left_only,1
19520,2,0,left_only,2
19522,1,0,left_only,1
19523,2,0,left_only,2
19527,1,0,left_only,1
19530,1,0,left_only,1
19531,1,0,left_only,1
19534,1,0,left_only,1
19535,1,0,left_only,1
19537,1,0,left_only,1
19538,1,0,left_only,1
19540,2,0,left_only,2
19542,1,0,left_only,1
19544,1,0,left_only,1
19546,1,0,left_only,1
19547,1,0,left_only,1
19551,1,0,left_only,1
19553,1,0,left_only,1
19555,1,0,left_only,1
19557,1,0,left_only,1
19558,1,0,left_only,1
19560,1,0,left_only,1
19562,1,0,left_only,1
19563,1,0,left_only,1
19565,1,0,left_only,1
19567,2,0,left_only,2
19568,1,0,left_only,1
19571,1,0,left_only,1
19574,1,0,left_only,1
19576,1,0,left_only,1
19577,1,0,left_only,1
19578,1,0,left_only,1
19580,1,0,left_only,1
19582,1,0,left_only,1
19585,1,0,left_only,1
19587,1,0,left_only,1
19589,1,0,left_only,1
19593,1,0,left_only,1
19595,1,0,left_only,1
19596,1,0,left_only,1
19598,1,0,left_only,1
19600,1,0,left_only,1
19601,1,0,left_only,1
19603,1,0,left_only,1
19605,1,0,left_only,1
19608,1,0,left_only,1
19609,2,0,left_only,2
19611,1,0,left_only,1
19613,1,0,left_only,1
19615,1,0,left_only,1
19617,2,0,left_only,2
19619,1,0,left_only,1
19621,1,0,left_only,1
19622,1,0,left_only,1
19624,1,0,left_only,1
19625,1,0,left_only,1
19627,1,0,left_only,1
19628,1,0,left_only,1
19630,1,0,left_only,1
19631,1,0,left_only,1
19634,1,0,left_only,1
19636,1,0,left_only,1
19638,1,0,left_only,1
19639,1,0,left_only,1
19641,1,0,left_only,1
19649,1,0,left_only,1
19651,1,0,left_only,1
19654,1,0,left_only,1
19656,3,0,left_only,3
19658,1,0,left_only,1
19659,1,0,left_only,1
19661,1,0,left_only,1
19663,1,0,left_only,1
19665,2,0,left_only,2
19667,1,0,left_only,1
19668,1,0,left_only,1
19670,1,0,left_only,1
19672,1,0,left_only,1
19674,1,0,left_only,1
19676,1,0,left_only,1
19679,1,0,left_only,1
19680,2,0,left_only,2
19683,1,0,left_only,1
19685,2,0,left_only,2
19687,1,0,left_only,1
19689,1,0,left_only,1
19691,1,0,left_only,1
19694,1,0,left_only,1
19696,1,0,left_only,1
19697,1,0,left_only,1
19698,1,0,left_only,1
19700,1,0,left_only,1
19702,1,0,left_only,1
19704,1,0,left_only,1
19707,1,0,left_only,1
19709,1,0,left_only,1
19711,1,0,left_only,1
19713,1,0,left_only,1
19716,3,0,left_only,3
19718,1,0,left_only,1
19720,1,0,left_only,1
19722,1,0,left_only,1
19724,1,0,left_only,1
19726,1,0,left_only,1
19728,1,0,left_only,1
19730,1,0,left_only,1
19733,1,0,left_only,1
19735,2,0,left_only,2
19737,1,0,left_only,1
19740,1,0,left_only,1
19741,1,0,left_only,1
19743,2,0,left_only,2
19746,1,0,left_only,1
19748,1,0,left_only,1
19749,1,0,left_only,1
19752,1,0,left_only,1
19755,1,0,left_only,1
19757,2,0,left_only,2
19761,1,0,left_only,1
19762,1,0,left_only,1
19764,1,0,left_only,1
19766,1,0,left_only,1
19768,1,0,left_only,1
19770,1,0,left_only,1
19772,1,0,left_only,1
19774,1,0,left_only,1
19775,1,0,left_only,1
19777,1,0,left_only,1
19779,1,0,left_only,1
19781,1,0,left_only,1
19783,1,0,left_only,1
19785,1,0,left_only,1
19787,1,0,left_only,1
19789,1,0,left_only,1
19790,1,0,left_only,1
19793,1,0,left_only,1
19795,1,0,left_only,1
19796,1,0,left_only,1
19798,1,0,left_only,1
19800,1,0,left_only,1
19803,1,0,left_only,1
19804,1,0,left_only,1
19807,1,0,left_only,1
19808,1,0,left_only,1
19809,2,0,left_only,2
19811,1,0,left_only,1
19813,1,0,left_only,1
19815,1,0,left_only,1
19817,1,0,left_only,1
19818,1,0,left_only,1
19820,1,0,left_only,1
19822,1,0,left_only,1
19824,1,0,left_only,1
19825,1,0,left_only,1
19827,1,0,left_only,1
19829,1,0,left_only,1
19833,1,0,left_only,1
19835,1,0,left_only,1
19837,1,0,left_only,1
19839,2,0,left_only,2
19841,1,0,left_only,1
19842,1,0,left_only,1
19844,2,0,left_only,2
19846,2,0,left_only,2
19848,1,0,left_only,1
19849,1,0,left_only,1
19850,1,0,left_only,1
19851,1,0,left_only,1
19853,2,0,left_only,2
19855,1,0,left_only,1
19861,1,0,left_only,1
19863,1,0,left_only,1
19864,1,0,left_only,1
19866,1,0,left_only,1
19868,1,0,left_only,1
19869,3,0,left_only,3
19873,1,0,left_only,1
19875,1,0,left_only,1
19877,1,0,left_only,1
19881,1,0,left_only,1
19885,1,0,left_only,1
19889,1,0,left_only,1
19891,1,0,left_only,1
19893,1,0,left_only,1
19895,1,0,left_only,1
19897,1,0,left_only,1
19901,1,0,left_only,1
19902,2,0,left_only,2
19904,1,0,left_only,1
19905,1,0,left_only,1
19907,1,0,left_only,1
19908,2,0,left_only,2
19910,1,0,left_only,1
19912,1,0,left_only,1
19914,1,0,left_only,1
19916,2,0,left_only,2
19918,1,0,left_only,1
19919,1,0,left_only,1
19921,1,0,left_only,1
19923,1,0,left_only,1
19925,1,0,left_only,1
19928,2,0,left_only,2
19931,1,0,left_only,1
19933,1,0,left_only,1
19934,1,0,left_only,1
19936,1,0,left_only,1
19938,1,0,left_only,1
19939,1,0,left_only,1
19940,1,0,left_only,1
19942,1,0,left_only,1
19945,1,0,left_only,1
19947,1,0,left_only,1
19949,2,0,left_only,2
19951,1,0,left_only,1
19953,1,0,left_only,1
19954,1,0,left_only,1
19956,1,0,left_only,1
19957,1,0,left_only,1
19958,1,0,left_only,1
19960,1,0,left_only,1
19964,1,0,left_only,1
19966,1,0,left_only,1
19968,1,0,left_only,1
19970,1,0,left_only,1
19972,1,0,left_only,1
19974,1,0,left_only,1
19976,2,0,left_only,2
19978,1,0,left_only,1
19980,1,0,left_only,1
19982,1,0,left_only,1
19983,2,0,left_only,2
19985,1,0,left_only,1
19987,1,0,left_only,1
19990,1,0,left_only,1
19992,1,0,left_only,1
19993,1,0,left_only,1
19995,1,0,left_only,1
19996,1,0,left_only,1
19998,1,0,left_only,1
20002,1,0,left_only,1
20004,1,0,left_only,1
20006,2,0,left_only,2
20008,1,0,left_only,1
20010,1,0,left_only,1
20014,1,0,left_only,1
20016,1,0,left_only,1
20018,1,0,left_only,1
20020,1,0,left_only,1
20024,1,0,left_only,1
20025,2,0,left_only,2
20026,1,0,left_only,1
20027,1,0,left_only,1
20029,1,0,left_only,1
20031,1,0,left_only,1
20033,1,0,left_only,1
20035,1,0,left_only,1
20038,1,0,left_only,1
20040,1,0,left_only,1
20042,1,0,left_only,1
20043,1,0,left_only,1
20046,1,0,left_only,1
20048,1,0,left_only,1
20050,1,0,left_only,1
20052,1,0,left_only,1
20054,1,0,left_only,1
20057,1,0,left_only,1
20059,1,0,left_only,1
20061,1,0,left_only,1
20063,1,0,left_only,1
20065,1,0,left_only,1
20067,1,0,left_only,1
20068,1,0,left_only,1
20070,1,0,left_only,1
20074,2,0,left_only,2
20076,1,0,left_only,1
20078,1,0,left_only,1
20080,1,0,left_only,1
20082,1,0,left_only,1
20084,1,0,left_only,1
20086,2,0,left_only,2
20089,1,0,left_only,1
20090,1,0,left_only,1
20092,1,0,left_only,1
20094,1,0,left_only,1
20096,1,0,left_only,1
20098,1,0,left_only,1
20100,1,0,left_only,1
20101,2,0,left_only,2
20104,1,0,left_only,1
20106,2,0,left_only,2
20108,1,0,left_only,1
20110,1,0,left_only,1
20112,1,0,left_only,1
20114,1,0,left_only,1
20115,1,0,left_only,1
20117,1,0,left_only,1
20119,1,0,left_only,1
20121,1,0,left_only,1
20123,2,0,left_only,2
20124,1,0,left_only,1
20128,1,0,left_only,1
20129,1,0,left_only,1
20131,2,0,left_only,2
20133,1,0,left_only,1
20135,2,0,left_only,2
20137,1,0,left_only,1
20139,1,0,left_only,1
20140,1,0,left_only,1
20142,1,0,left_only,1
20144,1,0,left_only,1
20145,1,0,left_only,1
20147,1,0,left_only,1
20149,1,0,left_only,1
20150,1,0,left_only,1
20152,1,0,left_only,1
20153,1,0,left_only,1
20155,2,0,left_only,2
20157,1,0,left_only,1
20159,1,0,left_only,1
20161,1,0,left_only,1
20163,1,0,left_only,1
20164,2,0,left_only,2
20166,1,0,left_only,1
20169,1,0,left_only,1
20171,1,0,left_only,1
20173,1,0,left_only,1
20175,1,0,left_only,1
20177,1,0,left_only,1
20180,1,0,left_only,1
20182,1,0,left_only,1
20183,1,0,left_only,1
20185,1,0,left_only,1
20188,3,0,left_only,3
20190,1,0,left_only,1
20191,1,0,left_only,1
20193,1,0,left_only,1
20196,2,0,left_only,2
20198,1,0,left_only,1
20200,2,0,left_only,2
20203,1,0,left_only,1
20204,1,0,left_only,1
20205,1,0,left_only,1
20207,1,0,left_only,1
20209,1,0,left_only,1
20211,1,0,left_only,1
20214,1,0,left_only,1
20216,1,0,left_only,1
20218,1,0,left_only,1
20222,1,0,left_only,1
20224,1,0,left_only,1
20226,1,0,left_only,1
20228,1,0,left_only,1
20230,1,0,left_only,1
20232,1,0,left_only,1
20234,1,0,left_only,1
20236,1,0,left_only,1
20237,1,0,left_only,1
20240,1,0,left_only,1
20242,1,0,left_only,1
20244,1,0,left_only,1
20246,1,0,left_only,1
20248,1,0,left_only,1
20250,1,0,left_only,1
20252,1,0,left_only,1
20254,1,0,left_only,1
20255,1,0,left_only,1
20257,1,0,left_only,1
20260,1,0,left_only,1
20262,1,0,left_only,1
20264,1,0,left_only,1
20266,1,0,left_only,1
20267,1,0,left_only,1
20269,1,0,left_only,1
20271,1,0,left_only,1
20273,1,0,left_only,1
20274,1,0,left_only,1
20275,1,0,left_only,1
20277,1,0,left_only,1
20278,1,0,left_only,1
20280,1,0,left_only,1
20282,1,0,left_only,1
20284,1,0,left_only,1
20287,1,0,left_only,1
20289,1,0,left_only,1
20292,1,0,left_only,1
20294,1,0,left_only,1
20295,1,0,left_only,1
20297,1,0,left_only,1
20301,1,0,left_only,1
20303,1,0,left_only,1
20305,1,0,left_only,1
20308,1,0,left_only,1
20311,1,0,left_only,1
20314,1,0,left_only,1
20315,1,0,left_only,1
20317,1,0,left_only,1
20321,1,0,left_only,1
20322,1,0,left_only,1
20326,1,0,left_only,1
20328,1,0,left_only,1
20331,1,0,left_only,1
20333,1,0,left_only,1
20335,2,0,left_only,2
20337,1,0,left_only,1
20339,1,0,left_only,1
20341,1,0,left_only,1
20343,1,0,left_only,1
20345,1,0,left_only,1
20348,1,0,left_only,1
20349,1,0,left_only,1
20350,1,0,left_only,1
20352,1,0,left_only,1
20354,1,0,left_only,1
20356,1,0,left_only,1
20357,1,0,left_only,1
20358,1,0,left_only,1
20359,1,0,left_only,1
20361,1,0,left_only,1
20363,1,0,left_only,1
20365,1,0,left_only,1
20367,1,0,left_only,1
20368,1,0,left_only,1
20369,1,0,left_only,1
20371,1,0,left_only,1
20373,1,0,left_only,1
20375,1,0,left_only,1
20377,1,0,left_only,1
20380,1,0,left_only,1
20382,1,0,left_only,1
20383,1,0,left_only,1
20385,1,0,left_only,1
20388,1,0,left_only,1
20390,1,0,left_only,1
20392,1,0,left_only,1
20396,2,0,left_only,2
20398,1,0,left_only,1
20400,1,0,left_only,1
20402,1,0,left_only,1
20403,1,0,left_only,1
20405,1,0,left_only,1
20407,1,0,left_only,1
20409,1,0,left_only,1
20410,1,0,left_only,1
20412,1,0,left_only,1
20413,1,0,left_only,1
20415,1,0,left_only,1
20418,1,0,left_only,1
20420,1,0,left_only,1
20422,1,0,left_only,1
20424,1,0,left_only,1
20426,1,0,left_only,1
20428,1,0,left_only,1
20431,1,0,left_only,1
20432,1,0,left_only,1
20435,1,0,left_only,1
20437,1,0,left_only,1
20439,1,0,left_only,1
20441,1,0,left_only,1
20443,1,0,left_only,1
20445,1,0,left_only,1
20447,1,0,left_only,1
20448,2,0,left_only,2
20451,1,0,left_only,1
20452,1,0,left_only,1
20454,1,0,left_only,1
20456,1,0,left_only,1
20458,1,0,left_only,1
20460,1,0,left_only,1
20464,1,0,left_only,1
20466,1,0,left_only,1
20469,1,0,left_only,1
20471,1,0,left_only,1
20472,1,0,left_only,1
20475,1,0,left_only,1
20476,1,0,left_only,1
20477,1,0,left_only,1
20479,1,0,left_only,1
20481,1,0,left_only,1
20482,1,0,left_only,1
20484,1,0,left_only,1
20486,1,0,left_only,1
20488,2,0,left_only,2
20490,1,0,left_only,1
20493,1,0,left_only,1
20495,1,0,left_only,1
20497,1,0,left_only,1
20499,1,0,left_only,1
20501,1,0,left_only,1
20505,1,0,left_only,1
20506,1,0,left_only,1
20507,1,0,left_only,1
20509,1,0,left_only,1
20511,1,0,left_only,1
20515,1,0,left_only,1
20517,1,0,left_only,1
20520,1,0,left_only,1
20521,1,0,left_only,1
20523,1,0,left_only,1
20525,1,0,left_only,1
20527,1,0,left_only,1
20529,1,0,left_only,1
20532,1,0,left_only,1
20534,2,0,left_only,2
20536,1,0,left_only,1
20538,1,0,left_only,1
20540,1,0,left_only,1
20542,1,0,left_only,1
20543,1,0,left_only,1
20545,1,0,left_only,1
20547,1,0,left_only,1
20549,1,0,left_only,1
20551,1,0,left_only,1
20553,1,0,left_only,1
20555,1,0,left_only,1
20556,1,0,left_only,1
20561,1,0,left_only,1
20562,1,0,left_only,1
20564,1,0,left_only,1
20566,1,0,left_only,1
20568,1,0,left_only,1
20571,1,0,left_only,1
20573,1,0,left_only,1
20575,1,0,left_only,1
20578,1,0,left_only,1
20580,1,0,left_only,1
20583,1,0,left_only,1
20585,1,0,left_only,1
20587,1,0,left_only,1
20589,1,0,left_only,1
20590,1,0,left_only,1
20592,1,0,left_only,1
20594,1,0,left_only,1
20596,1,0,left_only,1
20599,1,0,left_only,1
20603,2,0,left_only,2
20605,1,0,left_only,1
20607,1,0,left_only,1
20609,1,0,left_only,1
20611,1,0,left_only,1
20613,1,0,left_only,1
20615,1,0,left_only,1
20617,1,0,left_only,1
20619,1,0,left_only,1
20621,1,0,left_only,1
20623,1,0,left_only,1
20624,1,0,left_only,1
20625,1,0,left_only,1
20626,1,0,left_only,1
20628,1,0,left_only,1
20630,1,0,left_only,1
20632,1,0,left_only,1
20634,1,0,left_only,1
20636,1,0,left_only,1
20638,1,0,left_only,1
20640,1,0,left_only,1
20642,1,0,left_only,1
20645,1,0,left_only,1
20647,1,0,left_only,1
20649,1,0,left_only,1
20651,1,0,left_only,1
20653,1,0,left_only,1
20655,1,0,left_only,1
20656,1,0,left_only,1
20657,1,0,left_only,1
20659,1,0,left_only,1
20660,3,0,left_only,3
20663,1,0,left_only,1
20665,1,0,left_only,1
20667,1,0,left_only,1
20671,1,0,left_only,1
20673,1,0,left_only,1
20674,1,0,left_only,1
20675,1,0,left_only,1
20678,1,0,left_only,1
20681,1,0,left_only,1
20682,1,0,left_only,1
20684,1,0,left_only,1
20686,1,0,left_only,1
20688,1,0,left_only,1
20691,1,0,left_only,1
20693,1,0,left_only,1
20695,1,0,left_only,1
20697,1,0,left_only,1
20699,1,0,left_only,1
20701,1,0,left_only,1
20703,1,0,left_only,1
20704,1,0,left_only,1
20705,1,0,left_only,1
20707,1,0,left_only,1
20710,1,0,left_only,1
20712,1,0,left_only,1
20714,1,0,left_only,1
20715,1,0,left_only,1
20717,1,0,left_only,1
20720,1,0,left_only,1
20723,1,0,left_only,1
20725,1,0,left_only,1
20727,1,0,left_only,1
20729,1,0,left_only,1
20731,1,0,left_only,1
20732,1,0,left_only,1
20735,1,0,left_only,1
20738,1,0,left_only,1
20740,1,0,left_only,1
20742,1,0,left_only,1
20744,1,0,left_only,1
20746,1,0,left_only,1
20748,1,0,left_only,1
20749,1,0,left_only,1
20751,1,0,left_only,1
20753,1,0,left_only,1
20754,1,0,left_only,1
20757,1,0,left_only,1
20759,1,0,left_only,1
20763,1,0,left_only,1
20765,1,0,left_only,1
20766,1,0,left_only,1
20767,1,0,left_only,1
20770,1,0,left_only,1
20772,1,0,left_only,1
20774,1,0,left_only,1
20776,1,0,left_only,1
20777,1,0,left_only,1
20780,1,0,left_only,1
20782,1,0,left_only,1
20783,1,0,left_only,1
20785,1,0,left_only,1
20789,1,0,left_only,1
20791,1,0,left_only,1
20792,1,0,left_only,1
20794,1,0,left_only,1
20796,1,0,left_only,1
20800,1,0,left_only,1
20802,1,0,left_only,1
20804,1,0,left_only,1
20805,1,0,left_only,1
20807,1,0,left_only,1
20809,1,0,left_only,1
20811,1,0,left_only,1
20813,1,0,left_only,1
20816,1,0,left_only,1
20819,1,0,left_only,1
20821,1,0,left_only,1
20823,1,0,left_only,1
20825,1,0,left_only,1
20827,1,0,left_only,1
20828,1,0,left_only,1
20829,1,0,left_only,1
20831,2,0,left_only,2
20834,1,0,left_only,1
20837,1,0,left_only,1
20839,2,0,left_only,2
20841,1,0,left_only,1
20842,1,0,left_only,1
20845,1,0,left_only,1
20847,1,0,left_only,1
20849,1,0,left_only,1
20850,1,0,left_only,1
20851,1,0,left_only,1
20853,1,0,left_only,1
20854,1,0,left_only,1
20855,1,0,left_only,1
20857,1,0,left_only,1
20858,1,0,left_only,1
20861,1,0,left_only,1
20863,1,0,left_only,1
20868,1,0,left_only,1
20870,1,0,left_only,1
20871,1,0,left_only,1
20873,2,0,left_only,2
20875,1,0,left_only,1
20878,1,0,left_only,1
20880,1,0,left_only,1
20882,1,0,left_only,1
20884,1,0,left_only,1
20886,1,0,left_only,1
20888,1,0,left_only,1
20890,1,0,left_only,1
20892,1,0,left_only,1
20893,1,0,left_only,1
20894,1,0,left_only,1
20896,1,0,left_only,1
20898,1,0,left_only,1
20900,1,0,left_only,1
20901,1,0,left_only,1
20902,1,0,left_only,1
20904,1,0,left_only,1
20906,1,0,left_only,1
20908,1,0,left_only,1
20910,1,0,left_only,1
20912,1,0,left_only,1
20913,1,0,left_only,1
20914,1,0,left_only,1
20916,1,0,left_only,1
20920,1,0,left_only,1
20922,1,0,left_only,1
20927,1,0,left_only,1
20929,1,0,left_only,1
20931,1,0,left_only,1
20933,1,0,left_only,1
20935,1,0,left_only,1
20937,1,0,left_only,1
20939,1,0,left_only,1
20941,1,0,left_only,1
20942,1,0,left_only,1
20944,1,0,left_only,1
20948,1,0,left_only,1
20950,1,0,left_only,1
20951,1,0,left_only,1
20953,1,0,left_only,1
20955,1,0,left_only,1
20957,1,0,left_only,1
20959,2,0,left_only,2
20960,1,0,left_only,1
20962,1,0,left_only,1
20963,1,0,left_only,1
20965,1,0,left_only,1
20967,1,0,left_only,1
20969,1,0,left_only,1
20971,1,0,left_only,1
20972,1,0,left_only,1
20976,1,0,left_only,1
20978,1,0,left_only,1
20982,1,0,left_only,1
20984,1,0,left_only,1
20986,1,0,left_only,1
20988,1,0,left_only,1
20990,1,0,left_only,1
20992,1,0,left_only,1
20993,1,0,left_only,1
20994,1,0,left_only,1
20996,1,0,left_only,1
20997,1,0,left_only,1
20999,1,0,left_only,1
21001,1,0,left_only,1
21003,1,0,left_only,1
21004,1,0,left_only,1
21006,1,0,left_only,1
21008,1,0,left_only,1
21010,1,0,left_only,1
21012,1,0,left_only,1
21013,1,0,left_only,1
21015,1,0,left_only,1
21016,1,0,left_only,1
21018,1,0,left_only,1
21019,1,0,left_only,1
21021,1,0,left_only,1
21026,1,0,left_only,1
21028,1,0,left_only,1
21031,1,0,left_only,1
21033,1,0,left_only,1
21035,1,0,left_only,1
21037,1,0,left_only,1
21041,1,0,left_only,1
21044,1,0,left_only,1
21048,1,0,left_only,1
21049,1,0,left_only,1
21050,2,0,left_only,2
21051,1,0,left_only,1
21054,1,0,left_only,1
21055,1,0,left_only,1
21057,2,0,left_only,2
21059,1,0,left_only,1
21061,1,0,left_only,1
21063,1,0,left_only,1
21065,1,0,left_only,1
21067,1,0,left_only,1
21070,1,0,left_only,1
21072,1,0,left_only,1
21074,1,0,left_only,1
21076,1,0,left_only,1
21078,1,0,left_only,1
21080,1,0,left_only,1
21082,1,0,left_only,1
21084,1,0,left_only,1
21086,1,0,left_only,1
21087,1,0,left_only,1
21089,1,0,left_only,1
21091,1,0,left_only,1
21093,1,0,left_only,1
21094,1,0,left_only,1
21097,1,0,left_only,1
21100,1,0,left_only,1
21103,2,0,left_only,2
21105,1,0,left_only,1
21106,1,0,left_only,1
21108,1,0,left_only,1
21110,1,0,left_only,1
21112,1,0,left_only,1
21115,1,0,left_only,1
21119,1,0,left_only,1
21121,1,0,left_only,1
21123,1,0,left_only,1
21124,1,0,left_only,1
21126,1,0,left_only,1
21127,1,0,left_only,1
21129,1,0,left_only,1
21130,1,0,left_only,1
21132,1,0,left_only,1
21134,1,0,left_only,1
21136,1,0,left_only,1
21137,2,0,left_only,2
21139,1,0,left_only,1
21141,1,0,left_only,1
21143,1,0,left_only,1
21145,1,0,left_only,1
21147,1,0,left_only,1
21149,1,0,left_only,1
21151,1,0,left_only,1
21153,1,0,left_only,1
21156,1,0,left_only,1
21159,1,0,left_only,1
21161,1,0,left_only,1
21163,1,0,left_only,1
21164,1,0,left_only,1
21167,1,0,left_only,1
21170,1,0,left_only,1
21172,1,0,left_only,1
21173,1,0,left_only,1
21176,1,0,left_only,1
21178,1,0,left_only,1
21183,1,0,left_only,1
21184,1,0,left_only,1
21186,1,0,left_only,1
21187,1,0,left_only,1
21190,2,0,left_only,2
21192,1,0,left_only,1
21193,1,0,left_only,1
21196,1,0,left_only,1
21197,1,0,left_only,1
21199,1,0,left_only,1
21201,1,0,left_only,1
21203,1,0,left_only,1
21205,1,0,left_only,1
21206,1,0,left_only,1
21209,1,0,left_only,1
21212,1,0,left_only,1
21214,1,0,left_only,1
21217,2,0,left_only,2
21218,1,0,left_only,1
21220,1,0,left_only,1
21224,1,0,left_only,1
21226,1,0,left_only,1
21228,1,0,left_only,1
21230,1,0,left_only,1
21231,1,0,left_only,1
21233,1,0,left_only,1
21234,1,0,left_only,1
21235,1,0,left_only,1
21237,1,0,left_only,1
21238,1,0,left_only,1
21240,1,0,left_only,1
21242,1,0,left_only,1
21244,1,0,left_only,1
21246,1,0,left_only,1
21248,1,0,left_only,1
21250,1,0,left_only,1
21252,1,0,left_only,1
21253,1,0,left_only,1
21255,2,0,left_only,2
21257,1,0,left_only,1
21260,1,0,left_only,1
21262,1,0,left_only,1
21264,1,0,left_only,1
21266,1,0,left_only,1
21268,1,0,left_only,1
21273,1,0,left_only,1
21275,1,0,left_only,1
21277,1,0,left_only,1
21280,1,0,left_only,1
21283,1,0,left_only,1
21285,1,0,left_only,1
21286,1,0,left_only,1
21288,1,0,left_only,1
21290,1,0,left_only,1
21293,1,0,left_only,1
21294,1,0,left_only,1
21296,1,0,left_only,1
21297,1,0,left_only,1
21300,1,0,left_only,1
21302,1,0,left_only,1
21304,1,0,left_only,1
21305,1,0,left_only,1
21306,1,0,left_only,1
21308,1,0,left_only,1
21310,1,0,left_only,1
21311,1,0,left_only,1
21314,1,0,left_only,1
21316,1,0,left_only,1
21318,1,0,left_only,1
21320,1,0,left_only,1
21321,3,0,left_only,3
21323,1,0,left_only,1
21324,1,0,left_only,1
21325,1,0,left_only,1
21327,2,0,left_only,2
21330,1,0,left_only,1
21332,1,0,left_only,1
21334,1,0,left_only,1
21337,1,0,left_only,1
21339,1,0,left_only,1
21341,1,0,left_only,1
21342,1,0,left_only,1
21345,1,0,left_only,1
21346,1,0,left_only,1
21349,1,0,left_only,1
21351,1,0,left_only,1
21353,1,0,left_only,1
21355,1,0,left_only,1
21361,1,0,left_only,1
21363,1,0,left_only,1
21365,1,0,left_only,1
21367,1,0,left_only,1
21369,1,0,left_only,1
21371,1,0,left_only,1
21373,1,0,left_only,1
21375,1,0,left_only,1
21376,1,0,left_only,1
21377,1,0,left_only,1
21380,1,0,left_only,1
21382,1,0,left_only,1
21384,1,0,left_only,1
21385,1,0,left_only,1
21387,1,0,left_only,1
21389,1,0,left_only,1
21391,2,0,left_only,2
21393,1,0,left_only,1
21395,2,0,left_only,2
21397,1,0,left_only,1
21399,1,0,left_only,1
21401,1,0,left_only,1
21403,1,0,left_only,1
21406,1,0,left_only,1
21408,1,0,left_only,1
21410,1,0,left_only,1
21412,1,0,left_only,1
21414,1,0,left_only,1
21415,1,0,left_only,1
21417,1,0,left_only,1
21419,1,0,left_only,1
21420,1,0,left_only,1
21422,1,0,left_only,1
21424,1,0,left_only,1
21426,1,0,left_only,1
21429,1,0,left_only,1
21430,1,0,left_only,1
21434,1,0,left_only,1
21437,1,0,left_only,1
21439,1,0,left_only,1
21440,1,0,left_only,1
21442,1,0,left_only,1
21443,1,0,left_only,1
21445,1,0,left_only,1
21446,1,0,left_only,1
21450,1,0,left_only,1
21451,1,0,left_only,1
21453,1,0,left_only,1
21455,1,0,left_only,1
21456,1,0,left_only,1
21457,1,0,left_only,1
21459,1,0,left_only,1
21461,1,0,left_only,1
21463,1,0,left_only,1
21465,1,0,left_only,1
21467,1,0,left_only,1
21469,1,0,left_only,1
21471,1,0,left_only,1
21472,1,0,left_only,1
21474,1,0,left_only,1
21477,1,0,left_only,1
21481,1,0,left_only,1
21485,1,0,left_only,1
21486,1,0,left_only,1
21488,1,0,left_only,1
21489,1,0,left_only,1
21491,1,0,left_only,1
21492,1,0,left_only,1
21494,1,0,left_only,1
21496,1,0,left_only,1
21498,1,0,left_only,1
21501,1,0,left_only,1
21503,1,0,left_only,1
21505,1,0,left_only,1
21507,1,0,left_only,1
21510,1,0,left_only,1
21511,1,0,left_only,1
21513,1,0,left_only,1
21516,1,0,left_only,1
21518,1,0,left_only,1
21519,1,0,left_only,1
21521,1,0,left_only,1
21522,1,0,left_only,1
21523,1,0,left_only,1
21525,1,0,left_only,1
21527,1,0,left_only,1
21529,1,0,left_only,1
21531,1,0,left_only,1
21533,1,0,left_only,1
21535,1,0,left_only,1
21537,1,0,left_only,1
21539,1,0,left_only,1
21540,1,0,left_only,1
21542,1,0,left_only,1
21544,1,0,left_only,1
21547,1,0,left_only,1
21551,2,0,left_only,2
21553,1,0,left_only,1
21555,1,0,left_only,1
21556,1,0,left_only,1
21558,1,0,left_only,1
21560,1,0,left_only,1
21562,1,0,left_only,1
21563,1,0,left_only,1
21565,1,0,left_only,1
21568,1,0,left_only,1
21570,1,0,left_only,1
21572,1,0,left_only,1
21573,1,0,left_only,1
21579,1,0,left_only,1
21582,1,0,left_only,1
21584,1,0,left_only,1
21586,1,0,left_only,1
21589,1,0,left_only,1
21591,1,0,left_only,1
21592,1,0,left_only,1
21596,1,0,left_only,1
21597,1,0,left_only,1
21600,1,0,left_only,1
21604,1,0,left_only,1
21605,1,0,left_only,1
21607,1,0,left_only,1
21608,1,0,left_only,1
21610,2,0,left_only,2
21611,1,0,left_only,1
21613,1,0,left_only,1
21615,1,0,left_only,1
21616,1,0,left_only,1
21618,1,0,left_only,1
21622,1,0,left_only,1
21624,1,0,left_only,1
21626,1,0,left_only,1
21628,1,0,left_only,1
21630,1,0,left_only,1
21632,1,0,left_only,1
21634,1,0,left_only,1
21636,1,0,left_only,1
21638,1,0,left_only,1
21640,1,0,left_only,1
21642,1,0,left_only,1
21644,1,0,left_only,1
21647,1,0,left_only,1
21650,1,0,left_only,1
21652,1,0,left_only,1
21654,1,0,left_only,1
21655,1,0,left_only,1
21656,1,0,left_only,1
21658,1,0,left_only,1
21660,1,0,left_only,1
21661,1,0,left_only,1
21665,1,0,left_only,1
21669,1,0,left_only,1
21671,1,0,left_only,1
21673,2,0,left_only,2
21674,1,0,left_only,1
21676,1,0,left_only,1
21679,1,0,left_only,1
21681,1,0,left_only,1
21685,1,0,left_only,1
21688,1,0,left_only,1
21690,1,0,left_only,1
21692,1,0,left_only,1
21694,1,0,left_only,1
21696,1,0,left_only,1
21698,1,0,left_only,1
21699,1,0,left_only,1
21703,1,0,left_only,1
21704,1,0,left_only,1
21707,1,0,left_only,1
21708,1,0,left_only,1
21710,1,0,left_only,1
21712,1,0,left_only,1
21714,1,0,left_only,1
21715,1,0,left_only,1
21717,1,0,left_only,1
21719,1,0,left_only,1
21720,1,0,left_only,1
21721,1,0,left_only,1
21723,1,0,left_only,1
21726,1,0,left_only,1
21727,1,0,left_only,1
21729,1,0,left_only,1
21730,1,0,left_only,1
21733,1,0,left_only,1
21734,1,0,left_only,1
21736,1,0,left_only,1
21738,1,0,left_only,1
21741,1,0,left_only,1
21743,1,0,left_only,1
21746,1,0,left_only,1
21748,1,0,left_only,1
21750,1,0,left_only,1
21752,1,0,left_only,1
21754,1,0,left_only,1
21756,1,0,left_only,1
21757,1,0,left_only,1
21759,1,0,left_only,1
21761,1,0,left_only,1
21763,1,0,left_only,1
21765,1,0,left_only,1
21767,1,0,left_only,1
21769,1,0,left_only,1
21771,1,0,left_only,1
21774,1,0,left_only,1
21775,1,0,left_only,1
21776,1,0,left_only,1
21778,1,0,left_only,1
21779,1,0,left_only,1
21781,1,0,left_only,1
21782,1,0,left_only,1
21783,1,0,left_only,1
21784,1,0,left_only,1
21785,1,0,left_only,1
21787,1,0,left_only,1
21790,1,0,left_only,1
21793,1,0,left_only,1
21795,1,0,left_only,1
21797,1,0,left_only,1
21799,1,0,left_only,1
21802,1,0,left_only,1
21804,1,0,left_only,1
21806,1,0,left_only,1
21808,1,0,left_only,1
21810,1,0,left_only,1
21811,2,0,left_only,2
21812,1,0,left_only,1
21814,1,0,left_only,1
21816,1,0,left_only,1
21817,1,0,left_only,1
21819,1,0,left_only,1
21821,1,0,left_only,1
21823,1,0,left_only,1
21826,1,0,left_only,1
21827,1,0,left_only,1
21829,1,0,left_only,1
21831,1,0,left_only,1
21833,1,0,left_only,1
21834,1,0,left_only,1
21836,1,0,left_only,1
21837,1,0,left_only,1
21839,2,0,left_only,2
21841,1,0,left_only,1
21843,1,0,left_only,1
21845,1,0,left_only,1
21848,1,0,left_only,1
21850,1,0,left_only,1
21852,1,0,left_only,1
21854,1,0,left_only,1
21858,1,0,left_only,1
21859,1,0,left_only,1
21860,1,0,left_only,1
21864,1,0,left_only,1
21865,1,0,left_only,1
21867,1,0,left_only,1
21869,1,0,left_only,1
21871,1,0,left_only,1
21873,1,0,left_only,1
21875,1,0,left_only,1
21877,1,0,left_only,1
21878,1,0,left_only,1
21879,1,0,left_only,1
21881,1,0,left_only,1
21882,1,0,left_only,1
21883,1,0,left_only,1
21885,1,0,left_only,1
21887,1,0,left_only,1
21889,1,0,left_only,1
21891,1,0,left_only,1
21892,1,0,left_only,1
21894,1,0,left_only,1
21895,1,0,left_only,1
21897,1,0,left_only,1
21899,1,0,left_only,1
21900,1,0,left_only,1
21902,1,0,left_only,1
21903,2,0,left_only,2
21904,1,0,left_only,1
21907,1,0,left_only,1
21908,1,0,left_only,1
21910,1,0,left_only,1
21911,1,0,left_only,1
21912,1,0,left_only,1
21914,1,0,left_only,1
21917,1,0,left_only,1
21922,1,0,left_only,1
21924,1,0,left_only,1
21925,1,0,left_only,1
21927,1,0,left_only,1
21929,1,0,left_only,1
21931,1,0,left_only,1
21932,1,0,left_only,1
21934,1,0,left_only,1
21936,1,0,left_only,1
21938,1,0,left_only,1
21942,1,0,left_only,1
21944,1,0,left_only,1
21946,1,0,left_only,1
21947,1,0,left_only,1
21949,1,0,left_only,1
21951,1,0,left_only,1
21953,1,0,left_only,1
21955,1,0,left_only,1
21956,1,0,left_only,1
21959,1,0,left_only,1
21961,1,0,left_only,1
21963,1,0,left_only,1
21965,1,0,left_only,1
21967,1,0,left_only,1
21971,1,0,left_only,1
21976,1,0,left_only,1
21977,1,0,left_only,1
21979,1,0,left_only,1
21980,1,0,left_only,1
21982,1,0,left_only,1
21984,1,0,left_only,1
21986,1,0,left_only,1
21990,1,0,left_only,1
21992,1,0,left_only,1
21993,1,0,left_only,1
21995,1,0,left_only,1
21997,1,0,left_only,1
22000,1,0,left_only,1
22002,2,0,left_only,2
22005,1,0,left_only,1
22006,1,0,left_only,1
22007,1,0,left_only,1
22009,1,0,left_only,1
22010,1,0,left_only,1
22012,1,0,left_only,1
22013,1,0,left_only,1
22015,1,0,left_only,1
22017,1,0,left_only,1
22019,2,0,left_only,2
22020,1,0,left_only,1
22022,1,0,left_only,1
22024,1,0,left_only,1
22026,1,0,left_only,1
22028,1,0,left_only,1
22030,1,0,left_only,1
22033,1,0,left_only,1
22036,1,0,left_only,1
22038,1,0,left_only,1
22040,1,0,left_only,1
22042,2,0,left_only,2
22045,1,0,left_only,1
22047,1,0,left_only,1
22049,1,0,left_only,1
22051,1,0,left_only,1
22053,1,0,left_only,1
22055,1,0,left_only,1
22057,1,0,left_only,1
22059,1,0,left_only,1
22061,1,0,left_only,1
22063,1,0,left_only,1
22065,1,0,left_only,1
22067,1,0,left_only,1
22068,1,0,left_only,1
22070,1,0,left_only,1
22072,1,0,left_only,1
22074,1,0,left_only,1
22077,2,0,left_only,2
22081,1,0,left_only,1
22083,1,0,left_only,1
22085,1,0,left_only,1
22087,1,0,left_only,1
22088,1,0,left_only,1
22090,1,0,left_only,1
22092,1,0,left_only,1
22094,1,0,left_only,1
22096,1,0,left_only,1
22097,1,0,left_only,1
22099,1,0,left_only,1
22101,1,0,left_only,1
22102,1,0,left_only,1
22104,2,0,left_only,2
22106,1,0,left_only,1
22108,1,0,left_only,1
22109,1,0,left_only,1
22110,1,0,left_only,1
22113,1,0,left_only,1
22115,1,0,left_only,1
22117,1,0,left_only,1
22119,1,0,left_only,1
22121,1,0,left_only,1
22122,1,0,left_only,1
22124,1,0,left_only,1
22127,1,0,left_only,1
22129,1,0,left_only,1
22130,1,0,left_only,1
22131,1,0,left_only,1
22133,1,0,left_only,1
22136,1,0,left_only,1
22138,1,0,left_only,1
22140,1,0,left_only,1
22141,1,0,left_only,1
22143,1,0,left_only,1
22144,1,0,left_only,1
22146,1,0,left_only,1
22148,1,0,left_only,1
22150,1,0,left_only,1
22152,1,0,left_only,1
22154,1,0,left_only,1
22156,1,0,left_only,1
22157,1,0,left_only,1
22158,1,0,left_only,1
22159,1,0,left_only,1
22161,1,0,left_only,1
22163,1,0,left_only,1
22164,1,0,left_only,1
22165,1,0,left_only,1
22167,1,0,left_only,1
22168,1,0,left_only,1
22170,1,0,left_only,1
22171,1,0,left_only,1
22174,1,0,left_only,1
22176,1,0,left_only,1
22178,1,0,left_only,1
22180,1,0,left_only,1
22182,1,0,left_only,1
22183,1,0,left_only,1
22185,1,0,left_only,1
22187,2,0,left_only,2
22189,1,0,left_only,1
22191,1,0,left_only,1
22192,1,0,left_only,1
22194,1,0,left_only,1
22196,1,0,left_only,1
22198,1,0,left_only,1
22201,1,0,left_only,1
22203,1,0,left_only,1
22205,2,0,left_only,2
22207,1,0,left_only,1
22208,1,0,left_only,1
22210,1,0,left_only,1
22212,1,0,left_only,1
22215,1,0,left_only,1
22216,1,0,left_only,1
22219,1,0,left_only,1
22222,1,0,left_only,1
22223,1,0,left_only,1
22225,1,0,left_only,1
22227,1,0,left_only,1
22229,1,0,left_only,1
22236,1,0,left_only,1
22239,1,0,left_only,1
22241,1,0,left_only,1
22243,1,0,left_only,1
22245,1,0,left_only,1
22247,1,0,left_only,1
22249,1,0,left_only,1
22252,1,0,left_only,1
22254,1,0,left_only,1
22256,1,0,left_only,1
22257,2,0,left_only,2
22258,1,0,left_only,1
22260,1,0,left_only,1
22262,1,0,left_only,1
22264,1,0,left_only,1
22266,1,0,left_only,1
22268,1,0,left_only,1
22270,1,0,left_only,1
22272,1,0,left_only,1
22274,1,0,left_only,1
22276,1,0,left_only,1
22279,1,0,left_only,1
22282,1,0,left_only,1
22285,1,0,left_only,1
22287,1,0,left_only,1
22288,1,0,left_only,1
22291,1,0,left_only,1
22293,1,0,left_only,1
22294,1,0,left_only,1
22296,2,0,left_only,2
22297,2,0,left_only,2
22299,2,0,left_only,2
22302,1,0,left_only,1
22305,1,0,left_only,1
22307,1,0,left_only,1
22311,1,0,left_only,1
22313,1,0,left_only,1
22315,1,0,left_only,1
22317,1,0,left_only,1
22319,2,0,left_only,2
22321,1,0,left_only,1
22323,1,0,left_only,1
22325,1,0,left_only,1
22326,1,0,left_only,1
22329,1,0,left_only,1
22331,1,0,left_only,1
22332,1,0,left_only,1
22333,1,0,left_only,1
22335,1,0,left_only,1
22338,1,0,left_only,1
22340,1,0,left_only,1
22342,1,0,left_only,1
22344,1,0,left_only,1
22345,1,0,left_only,1
22347,1,0,left_only,1
22349,1,0,left_only,1
22352,1,0,left_only,1
22353,1,0,left_only,1
22356,1,0,left_only,1
22358,2,0,left_only,2
22360,1,0,left_only,1
22362,1,0,left_only,1
22366,1,0,left_only,1
22368,1,0,left_only,1
22370,1,0,left_only,1
22372,1,0,left_only,1
22374,1,0,left_only,1
22376,1,0,left_only,1
22378,1,0,left_only,1
22379,1,0,left_only,1
22380,1,0,left_only,1
22385,1,0,left_only,1
22387,1,0,left_only,1
22389,2,0,left_only,2
22391,1,0,left_only,1
22393,1,0,left_only,1
22395,1,0,left_only,1
22397,1,0,left_only,1
22399,1,0,left_only,1
22402,2,0,left_only,2
22404,1,0,left_only,1
22405,1,0,left_only,1
22408,1,0,left_only,1
22410,1,0,left_only,1
22413,1,0,left_only,1
22415,1,0,left_only,1
22418,1,0,left_only,1
22419,1,0,left_only,1
22421,1,0,left_only,1
22422,1,0,left_only,1
22424,1,0,left_only,1
22426,1,0,left_only,1
22428,1,0,left_only,1
22430,1,0,left_only,1
22432,1,0,left_only,1
22434,1,0,left_only,1
22436,1,0,left_only,1
22438,1,0,left_only,1
22439,1,0,left_only,1
22440,1,0,left_only,1
22442,1,0,left_only,1
22443,1,0,left_only,1
22445,1,0,left_only,1
22447,1,0,left_only,1
22449,1,0,left_only,1
22451,1,0,left_only,1
22453,1,0,left_only,1
22454,1,0,left_only,1
22458,1,0,left_only,1
22460,1,0,left_only,1
22463,1,0,left_only,1
22465,1,0,left_only,1
22466,1,0,left_only,1
22467,1,0,left_only,1
22470,2,0,left_only,2
22472,1,0,left_only,1
22473,1,0,left_only,1
22475,1,0,left_only,1
22477,1,0,left_only,1
22481,1,0,left_only,1
22483,1,0,left_only,1
22485,1,0,left_only,1
22487,1,0,left_only,1
22489,1,0,left_only,1
22491,1,0,left_only,1
22493,1,0,left_only,1
22495,1,0,left_only,1
22497,1,0,left_only,1
22499,1,0,left_only,1
22501,1,0,left_only,1
22502,1,0,left_only,1
22504,1,0,left_only,1
22506,1,0,left_only,1
22509,1,0,left_only,1
22511,1,0,left_only,1
22513,1,0,left_only,1
22515,1,0,left_only,1
22518,1,0,left_only,1
22520,1,0,left_only,1
22522,1,0,left_only,1
22524,1,0,left_only,1
22526,1,0,left_only,1
22528,1,0,left_only,1
22530,1,0,left_only,1
22531,2,0,left_only,2
22533,1,0,left_only,1
22534,1,0,left_only,1
22536,1,0,left_only,1
22537,1,0,left_only,1
22541,1,0,left_only,1
22543,1,0,left_only,1
22545,1,0,left_only,1
22548,1,0,left_only,1
22550,1,0,left_only,1
22551,1,0,left_only,1
22554,1,0,left_only,1
22557,1,0,left_only,1
22559,1,0,left_only,1
22561,1,0,left_only,1
22562,1,0,left_only,1
22563,1,0,left_only,1
22565,2,0,left_only,2
22566,1,0,left_only,1
22568,1,0,left_only,1
22570,1,0,left_only,1
22572,1,0,left_only,1
22574,1,0,left_only,1
22578,2,0,left_only,2
22580,1,0,left_only,1
22581,1,0,left_only,1
22583,1,0,left_only,1
22584,1,0,left_only,1
22586,1,0,left_only,1
22588,1,0,left_only,1
22590,1,0,left_only,1
22592,1,0,left_only,1
22594,1,0,left_only,1
22596,1,0,left_only,1
22598,1,0,left_only,1
22601,1,0,left_only,1
22603,1,0,left_only,1
22605,1,0,left_only,1
22607,1,0,left_only,1
22608,1,0,left_only,1
22610,1,0,left_only,1
22611,1,0,left_only,1
22613,2,0,left_only,2
22615,1,0,left_only,1
22617,1,0,left_only,1
22620,1,0,left_only,1
22622,1,0,left_only,1
22624,1,0,left_only,1
22626,1,0,left_only,1
22628,1,0,left_only,1
22629,1,0,left_only,1
22632,1,0,left_only,1
22634,1,0,left_only,1
22636,1,0,left_only,1
22638,1,0,left_only,1
22639,1,0,left_only,1
22641,1,0,left_only,1
22644,1,0,left_only,1
22646,1,0,left_only,1
22648,1,0,left_only,1
22654,1,0,left_only,1
22655,1,0,left_only,1
22657,1,0,left_only,1
22658,1,0,left_only,1
22659,1,0,left_only,1
22661,1,0,left_only,1
22663,2,0,left_only,2
22666,1,0,left_only,1
22669,1,0,left_only,1
22670,1,0,left_only,1
22672,1,0,left_only,1
22673,1,0,left_only,1
22675,1,0,left_only,1
22677,1,0,left_only,1
22679,1,0,left_only,1
22682,1,0,left_only,1
22684,1,0,left_only,1
22685,1,0,left_only,1
22687,1,0,left_only,1
22689,1,0,left_only,1
22691,1,0,left_only,1
22693,1,0,left_only,1
22697,1,0,left_only,1
22698,1,0,left_only,1
22700,1,0,left_only,1
22702,1,0,left_only,1
22705,1,0,left_only,1
22707,1,0,left_only,1
22709,1,0,left_only,1
22711,1,0,left_only,1
22713,1,0,left_only,1
22715,1,0,left_only,1
22717,1,0,left_only,1
22719,1,0,left_only,1
22721,1,0,left_only,1
22722,1,0,left_only,1
22724,1,0,left_only,1
22727,1,0,left_only,1
22731,1,0,left_only,1
22733,1,0,left_only,1
22738,1,0,left_only,1
22741,1,0,left_only,1
22742,1,0,left_only,1
22745,1,0,left_only,1
22747,1,0,left_only,1
22748,1,0,left_only,1
22750,1,0,left_only,1
22755,1,0,left_only,1
22757,1,0,left_only,1
22759,1,0,left_only,1
22761,1,0,left_only,1
22763,1,0,left_only,1
22764,1,0,left_only,1
22766,1,0,left_only,1
22768,1,0,left_only,1
22770,1,0,left_only,1
22772,1,0,left_only,1
22774,1,0,left_only,1
22775,1,0,left_only,1
22779,1,0,left_only,1
22781,1,0,left_only,1
22783,1,0,left_only,1
22785,1,0,left_only,1
22789,1,0,left_only,1
22791,1,0,left_only,1
22792,1,0,left_only,1
22794,1,0,left_only,1
22796,1,0,left_only,1
22797,1,0,left_only,1
22798,1,0,left_only,1
22800,1,0,left_only,1
22803,1,0,left_only,1
22805,1,0,left_only,1
22808,1,0,left_only,1
22811,1,0,left_only,1
22813,1,0,left_only,1
22814,1,0,left_only,1
22815,1,0,left_only,1
22818,2,0,left_only,2
22820,1,0,left_only,1
22822,1,0,left_only,1
22824,1,0,left_only,1
22827,1,0,left_only,1
22829,1,0,left_only,1
22830,1,0,left_only,1
22831,1,0,left_only,1
22833,1,0,left_only,1
22834,1,0,left_only,1
22836,1,0,left_only,1
22841,1,0,left_only,1
22843,1,0,left_only,1
22845,1,0,left_only,1
22847,1,0,left_only,1
22848,1,0,left_only,1
22850,1,0,left_only,1
22852,1,0,left_only,1
22853,1,0,left_only,1
22855,1,0,left_only,1
22857,1,0,left_only,1
22859,1,0,left_only,1
22860,1,0,left_only,1
22862,1,0,left_only,1
22864,1,0,left_only,1
22867,1,0,left_only,1
22868,1,0,left_only,1
22872,1,0,left_only,1
22873,1,0,left_only,1
22875,1,0,left_only,1
22876,1,0,left_only,1
22878,1,0,left_only,1
22879,1,0,left_only,1
22880,1,0,left_only,1
22882,1,0,left_only,1
22883,1,0,left_only,1
22885,1,0,left_only,1
22887,1,0,left_only,1
22891,1,0,left_only,1
22893,1,0,left_only,1
22895,1,0,left_only,1
22897,1,0,left_only,1
22898,1,0,left_only,1
22900,1,0,left_only,1
22901,1,0,left_only,1
22903,1,0,left_only,1
22908,1,0,left_only,1
22910,1,0,left_only,1
22914,1,0,left_only,1
22916,1,0,left_only,1
22918,1,0,left_only,1
22919,1,0,left_only,1
22921,1,0,left_only,1
22923,1,0,left_only,1
22927,1,0,left_only,1
22928,1,0,left_only,1
22930,1,0,left_only,1
22932,1,0,left_only,1
22934,1,0,left_only,1
22937,1,0,left_only,1
22939,1,0,left_only,1
22941,1,0,left_only,1
22942,1,0,left_only,1
22946,1,0,left_only,1
22949,1,0,left_only,1
22950,1,0,left_only,1
22951,2,0,left_only,2
22953,1,0,left_only,1
22955,1,0,left_only,1
22958,1,0,left_only,1
22961,1,0,left_only,1
22963,1,0,left_only,1
22967,1,0,left_only,1
22970,1,0,left_only,1
22972,1,0,left_only,1
22974,1,0,left_only,1
22977,1,0,left_only,1
22979,1,0,left_only,1
22980,2,0,left_only,2
22981,1,0,left_only,1
22986,1,0,left_only,1
22988,1,0,left_only,1
22990,1,0,left_only,1
22992,1,0,left_only,1
22999,1,0,left_only,1
23001,1,0,left_only,1
23003,1,0,left_only,1
23006,1,0,left_only,1
23009,1,0,left_only,1
23010,2,0,left_only,2
23012,1,0,left_only,1
23014,1,0,left_only,1
23016,1,0,left_only,1
23021,1,0,left_only,1
23023,1,0,left_only,1
23025,1,0,left_only,1
23030,1,0,left_only,1
23032,2,0,left_only,2
23034,1,0,left_only,1
23035,1,0,left_only,1
23037,1,0,left_only,1
23038,1,0,left_only,1
23041,1,0,left_only,1
23044,1,0,left_only,1
23047,1,0,left_only,1
23048,1,0,left_only,1
23050,1,0,left_only,1
23052,1,0,left_only,1
23054,1,0,left_only,1
23056,2,0,left_only,2
23058,1,0,left_only,1
23060,1,0,left_only,1
23062,1,0,left_only,1
23063,1,0,left_only,1
23065,1,0,left_only,1
23067,1,0,left_only,1
23069,1,0,left_only,1
23071,1,0,left_only,1
23073,1,0,left_only,1
23075,1,0,left_only,1
23078,1,0,left_only,1
23080,2,0,left_only,2
23082,1,0,left_only,1
23084,1,0,left_only,1
23086,1,0,left_only,1
23088,1,0,left_only,1
23090,1,0,left_only,1
23091,1,0,left_only,1
23094,1,0,left_only,1
23095,2,0,left_only,2
23099,1,0,left_only,1
23101,1,0,left_only,1
23102,1,0,left_only,1
23104,2,0,left_only,2
23106,1,0,left_only,1
23108,1,0,left_only,1
23110,1,0,left_only,1
23112,1,0,left_only,1
23113,1,0,left_only,1
23115,1,0,left_only,1
23116,1,0,left_only,1
23118,1,0,left_only,1
23119,1,0,left_only,1
23121,1,0,left_only,1
23123,1,0,left_only,1
23125,1,0,left_only,1
23127,1,0,left_only,1
23129,1,0,left_only,1
23131,1,0,left_only,1
23134,1,0,left_only,1
23137,1,0,left_only,1
23139,1,0,left_only,1
23141,1,0,left_only,1
23142,1,0,left_only,1
23146,1,0,left_only,1
23147,1,0,left_only,1
23148,1,0,left_only,1
23152,1,0,left_only,1
23153,1,0,left_only,1
23154,1,0,left_only,1
23155,1,0,left_only,1
23157,1,0,left_only,1
23160,1,0,left_only,1
23162,1,0,left_only,1
23169,1,0,left_only,1
23171,1,0,left_only,1
23174,1,0,left_only,1
23176,1,0,left_only,1
23177,1,0,left_only,1
23179,1,0,left_only,1
23181,1,0,left_only,1
23183,1,0,left_only,1
23184,1,0,left_only,1
23186,2,0,left_only,2
23187,1,0,left_only,1
23189,1,0,left_only,1
23190,1,0,left_only,1
23191,1,0,left_only,1
23193,1,0,left_only,1
23196,1,0,left_only,1
23198,1,0,left_only,1
23199,1,0,left_only,1
23203,1,0,left_only,1
23204,1,0,left_only,1
23206,2,0,left_only,2
23208,1,0,left_only,1
23210,1,0,left_only,1
23212,1,0,left_only,1
23214,1,0,left_only,1
23216,1,0,left_only,1
23218,1,0,left_only,1
23221,1,0,left_only,1
23224,1,0,left_only,1
23225,1,0,left_only,1
23227,1,0,left_only,1
23229,1,0,left_only,1
23231,1,0,left_only,1
23233,1,0,left_only,1
23234,1,0,left_only,1
23238,1,0,left_only,1
23240,1,0,left_only,1
23242,1,0,left_only,1
23244,1,0,left_only,1
23245,1,0,left_only,1
23246,1,0,left_only,1
23248,1,0,left_only,1
23252,1,0,left_only,1
23253,1,0,left_only,1
23255,1,0,left_only,1
23258,1,0,left_only,1
23259,1,0,left_only,1
23261,1,0,left_only,1
23262,1,0,left_only,1
23264,1,0,left_only,1
23266,1,0,left_only,1
23268,1,0,left_only,1
23270,1,0,left_only,1
23272,1,0,left_only,1
23274,1,0,left_only,1
23275,1,0,left_only,1
23277,1,0,left_only,1
23279,1,0,left_only,1
23280,1,0,left_only,1
23281,1,0,left_only,1
23283,1,0,left_only,1
23284,1,0,left_only,1
23287,1,0,left_only,1
23288,1,0,left_only,1
23290,1,0,left_only,1
23291,1,0,left_only,1
23294,1,0,left_only,1
23296,1,0,left_only,1
23299,2,0,left_only,2
23301,1,0,left_only,1
23302,1,0,left_only,1
23304,1,0,left_only,1
23306,1,0,left_only,1
23308,1,0,left_only,1
23310,1,0,left_only,1
23312,1,0,left_only,1
23315,1,0,left_only,1
23317,1,0,left_only,1
23319,1,0,left_only,1
23321,1,0,left_only,1
23324,1,0,left_only,1
23327,1,0,left_only,1
23328,1,0,left_only,1
23331,1,0,left_only,1
23332,1,0,left_only,1
23334,1,0,left_only,1
23338,1,0,left_only,1
23339,3,0,left_only,3
23341,1,0,left_only,1
23343,1,0,left_only,1
23344,1,0,left_only,1
23345,2,0,left_only,2
23346,2,0,left_only,2
23347,1,0,left_only,1
23349,1,0,left_only,1
23350,1,0,left_only,1
23352,1,0,left_only,1
23354,2,0,left_only,2
23357,1,0,left_only,1
23359,1,0,left_only,1
23361,1,0,left_only,1
23362,1,0,left_only,1
23364,1,0,left_only,1
23365,1,0,left_only,1
23367,2,0,left_only,2
23368,1,0,left_only,1
23371,1,0,left_only,1
23373,1,0,left_only,1
23375,1,0,left_only,1
23376,2,0,left_only,2
23379,1,0,left_only,1
23381,1,0,left_only,1
23383,1,0,left_only,1
23385,1,0,left_only,1
23387,1,0,left_only,1
23389,1,0,left_only,1
23391,1,0,left_only,1
23393,1,0,left_only,1
23395,1,0,left_only,1
23398,1,0,left_only,1
23400,1,0,left_only,1
23401,1,0,left_only,1
23403,1,0,left_only,1
23404,1,0,left_only,1
23407,1,0,left_only,1
23410,1,0,left_only,1
23413,1,0,left_only,1
23416,2,0,left_only,2
23418,1,0,left_only,1
23420,1,0,left_only,1
23425,2,0,left_only,2
23429,1,0,left_only,1
23431,1,0,left_only,1
23435,1,0,left_only,1
23437,1,0,left_only,1
23438,1,0,left_only,1
23440,1,0,left_only,1
23441,2,0,left_only,2
23443,2,0,left_only,2
23445,1,0,left_only,1
23447,1,0,left_only,1
23449,1,0,left_only,1
23451,1,0,left_only,1
23452,1,0,left_only,1
23455,1,0,left_only,1
23457,1,0,left_only,1
23458,1,0,left_only,1
23461,1,0,left_only,1
23464,1,0,left_only,1
23466,1,0,left_only,1
23468,2,0,left_only,2
23470,1,0,left_only,1
23471,1,0,left_only,1
23472,1,0,left_only,1
23474,1,0,left_only,1
23477,1,0,left_only,1
23480,1,0,left_only,1
23483,1,0,left_only,1
23485,1,0,left_only,1
23487,1,0,left_only,1
23490,1,0,left_only,1
23492,1,0,left_only,1
23493,1,0,left_only,1
23495,1,0,left_only,1
23497,1,0,left_only,1
23500,1,0,left_only,1
23502,1,0,left_only,1
23503,1,0,left_only,1
23504,1,0,left_only,1
23505,2,0,left_only,2
23506,1,0,left_only,1
23508,1,0,left_only,1
23511,1,0,left_only,1
23512,2,0,left_only,2
23515,2,0,left_only,2
23517,1,0,left_only,1
23519,1,0,left_only,1
23522,2,0,left_only,2
23523,1,0,left_only,1
23526,1,0,left_only,1
23529,1,0,left_only,1
23530,1,0,left_only,1
23532,1,0,left_only,1
23535,1,0,left_only,1
23536,1,0,left_only,1
23538,1,0,left_only,1
23540,2,0,left_only,2
23541,1,0,left_only,1
23542,1,0,left_only,1
23544,1,0,left_only,1
23545,2,0,left_only,2
23546,2,0,left_only,2
23547,1,0,left_only,1
23548,1,0,left_only,1
23550,1,0,left_only,1
23552,2,0,left_only,2
23554,1,0,left_only,1
23555,1,0,left_only,1
23556,2,0,left_only,2
23558,1,0,left_only,1
23560,1,0,left_only,1
23561,2,0,left_only,2
23562,1,0,left_only,1
23563,1,0,left_only,1
23564,1,0,left_only,1
23565,1,0,left_only,1
23567,1,0,left_only,1
23569,1,0,left_only,1
23571,1,0,left_only,1
23573,1,0,left_only,1
23575,1,0,left_only,1
23578,1,0,left_only,1
23579,1,0,left_only,1
23580,1,0,left_only,1
23582,1,0,left_only,1
23584,1,0,left_only,1
23590,1,0,left_only,1
23591,1,0,left_only,1
23592,1,0,left_only,1
23594,2,0,left_only,2
23596,1,0,left_only,1
23597,1,0,left_only,1
23599,1,0,left_only,1
23601,1,0,left_only,1
23605,1,0,left_only,1
23608,1,0,left_only,1
23610,1,0,left_only,1
23613,1,0,left_only,1
23615,1,0,left_only,1
23617,1,0,left_only,1
23620,1,0,left_only,1
23621,1,0,left_only,1
23622,1,0,left_only,1
23623,1,0,left_only,1
23624,1,0,left_only,1
23628,1,0,left_only,1
23629,1,0,left_only,1
23633,2,0,left_only,2
23634,1,0,left_only,1
23637,1,0,left_only,1
23638,1,0,left_only,1
23640,1,0,left_only,1
23641,1,0,left_only,1
23642,1,0,left_only,1
23645,1,0,left_only,1
23646,1,0,left_only,1
23647,1,0,left_only,1
23648,1,0,left_only,1
23649,2,0,left_only,2
23652,1,0,left_only,1
23653,1,0,left_only,1
23657,1,0,left_only,1
23659,2,0,left_only,2
23660,2,0,left_only,2
23662,1,0,left_only,1
23663,1,0,left_only,1
23665,2,0,left_only,2
23666,1,0,left_only,1
23668,1,0,left_only,1
23669,2,0,left_only,2
23673,1,0,left_only,1
23674,1,0,left_only,1
23676,1,0,left_only,1
23677,1,0,left_only,1
23679,2,0,left_only,2
23684,1,0,left_only,1
23685,1,0,left_only,1
23687,1,0,left_only,1
23688,1,0,left_only,1
23689,1,0,left_only,1
23694,1,0,left_only,1
23697,1,0,left_only,1
23699,1,0,left_only,1
23700,1,0,left_only,1
23701,1,0,left_only,1
23703,1,0,left_only,1
23705,1,0,left_only,1
23706,2,0,left_only,2
23708,1,0,left_only,1
23710,2,0,left_only,2
23711,1,0,left_only,1
23713,1,0,left_only,1
23715,1,0,left_only,1
23717,1,0,left_only,1
23719,1,0,left_only,1
23720,1,0,left_only,1
23722,2,0,left_only,2
23724,1,0,left_only,1
23726,1,0,left_only,1
23732,1,0,left_only,1
23733,1,0,left_only,1
23734,1,0,left_only,1
23738,2,0,left_only,2
23743,1,0,left_only,1
23744,1,0,left_only,1
23746,1,0,left_only,1
23747,1,0,left_only,1
23749,1,0,left_only,1
23751,1,0,left_only,1
23753,1,0,left_only,1
23755,1,0,left_only,1
23758,2,0,left_only,2
23760,1,0,left_only,1
23762,1,0,left_only,1
23765,1,0,left_only,1
23767,1,0,left_only,1
23852,1,0,left_only,1
23853,1,0,left_only,1
23855,1,0,left_only,1
23857,1,0,left_only,1
23859,1,0,left_only,1
23861,1,0,left_only,1
23863,1,0,left_only,1
23865,1,0,left_only,1
23866,1,0,left_only,1
23867,1,0,left_only,1
23871,2,0,left_only,2
23873,1,0,left_only,1
23874,1,0,left_only,1
23877,1,0,left_only,1
23878,1,0,left_only,1
23879,1,0,left_only,1
23881,1,0,left_only,1
23883,2,0,left_only,2
23884,1,0,left_only,1
23885,1,0,left_only,1
23887,1,0,left_only,1
23893,1,0,left_only,1
23897,1,0,left_only,1
23898,1,0,left_only,1
23899,1,0,left_only,1
23901,1,0,left_only,1
23903,1,0,left_only,1
23905,1,0,left_only,1
23907,1,0,left_only,1
23911,1,0,left_only,1
23912,1,0,left_only,1
23914,1,0,left_only,1
23916,1,0,left_only,1
23918,1,0,left_only,1
23921,1,0,left_only,1
23923,1,0,left_only,1
23926,1,0,left_only,1
23927,1,0,left_only,1
23929,1,0,left_only,1
23932,1,0,left_only,1
23935,1,0,left_only,1
23937,1,0,left_only,1
23941,1,0,left_only,1
23944,2,0,left_only,2
23947,1,0,left_only,1
23949,1,0,left_only,1
23951,1,0,left_only,1
23952,1,0,left_only,1
23953,1,0,left_only,1
23955,1,0,left_only,1
23957,1,0,left_only,1
23958,1,0,left_only,1
23959,1,0,left_only,1
23961,1,0,left_only,1
23963,1,0,left_only,1
23964,1,0,left_only,1
23965,1,0,left_only,1
23966,1,0,left_only,1
23967,1,0,left_only,1
23971,1,0,left_only,1
23973,1,0,left_only,1
23975,1,0,left_only,1
23977,1,0,left_only,1
23978,1,0,left_only,1
23982,1,0,left_only,1
23984,1,0,left_only,1
23987,1,0,left_only,1
23988,1,0,left_only,1
23990,1,0,left_only,1
23992,1,0,left_only,1
23995,1,0,left_only,1
23998,2,0,left_only,2
24000,2,0,left_only,2
24001,1,0,left_only,1
24002,1,0,left_only,1
24003,1,0,left_only,1
24004,1,0,left_only,1
24007,1,0,left_only,1
24009,1,0,left_only,1
24010,1,0,left_only,1
24012,1,0,left_only,1
24014,1,0,left_only,1
24015,1,0,left_only,1
24017,1,0,left_only,1
24019,1,0,left_only,1
24021,1,0,left_only,1
24023,1,0,left_only,1
24024,1,0,left_only,1
24026,1,0,left_only,1
24028,1,0,left_only,1
24030,1,0,left_only,1
24034,1,0,left_only,1
24035,1,0,left_only,1
24037,1,0,left_only,1
24040,1,0,left_only,1
24042,1,0,left_only,1
24043,1,0,left_only,1
24046,1,0,left_only,1
24048,3,0,left_only,3
24049,1,0,left_only,1
24050,1,0,left_only,1
24052,1,0,left_only,1
24053,1,0,left_only,1
24056,1,0,left_only,1
24058,2,0,left_only,2
24060,1,0,left_only,1
24062,1,0,left_only,1
24064,1,0,left_only,1
24065,1,0,left_only,1
24067,1,0,left_only,1
24069,1,0,left_only,1
24070,1,0,left_only,1
24074,1,0,left_only,1
24075,1,0,left_only,1
24078,1,0,left_only,1
24083,1,0,left_only,1
24085,1,0,left_only,1
24087,1,0,left_only,1
24088,1,0,left_only,1
24089,1,0,left_only,1
24091,1,0,left_only,1
24092,1,0,left_only,1
24095,2,0,left_only,2
24096,1,0,left_only,1
24097,1,0,left_only,1
24098,2,0,left_only,2
24100,1,0,left_only,1
24102,1,0,left_only,1
24104,1,0,left_only,1
24106,1,0,left_only,1
24107,1,0,left_only,1
24109,1,0,left_only,1
24112,1,0,left_only,1
24114,1,0,left_only,1
24116,1,0,left_only,1
24119,1,0,left_only,1
24121,2,0,left_only,2
24124,2,0,left_only,2
24126,1,0,left_only,1
24127,1,0,left_only,1
24130,1,0,left_only,1
24132,1,0,left_only,1
24134,1,0,left_only,1
24136,1,0,left_only,1
24138,1,0,left_only,1
24139,1,0,left_only,1
24141,2,0,left_only,2
24142,1,0,left_only,1
24146,1,0,left_only,1
24147,1,0,left_only,1
24149,1,0,left_only,1
24151,1,0,left_only,1
24153,2,0,left_only,2
24155,1,0,left_only,1
24157,1,0,left_only,1
24159,1,0,left_only,1
24161,1,0,left_only,1
24162,1,0,left_only,1
24163,1,0,left_only,1
24165,1,0,left_only,1
24167,2,0,left_only,2
24168,1,0,left_only,1
24170,1,0,left_only,1
24171,1,0,left_only,1
24172,1,0,left_only,1
24173,1,0,left_only,1
24174,1,0,left_only,1
24177,1,0,left_only,1
24180,1,0,left_only,1
24181,1,0,left_only,1
24184,2,0,left_only,2
24186,1,0,left_only,1
24189,1,0,left_only,1
24190,1,0,left_only,1
24192,2,0,left_only,2
24194,1,0,left_only,1
24196,1,0,left_only,1
24197,1,0,left_only,1
24198,1,0,left_only,1
24200,1,0,left_only,1
24201,1,0,left_only,1
24204,1,0,left_only,1
24205,1,0,left_only,1
24207,1,0,left_only,1
24208,1,0,left_only,1
24210,1,0,left_only,1
24213,1,0,left_only,1
24214,1,0,left_only,1
24215,1,0,left_only,1
24217,1,0,left_only,1
24219,1,0,left_only,1
24220,1,0,left_only,1
24223,2,0,left_only,2
24225,1,0,left_only,1
24226,1,0,left_only,1
24228,1,0,left_only,1
24230,1,0,left_only,1
24232,1,0,left_only,1
24234,1,0,left_only,1
24235,1,0,left_only,1
24237,1,0,left_only,1
24238,1,0,left_only,1
24241,1,0,left_only,1
24242,1,0,left_only,1
24244,1,0,left_only,1
24245,1,0,left_only,1
24246,1,0,left_only,1
24248,1,0,left_only,1
24251,1,0,left_only,1
24253,1,0,left_only,1
24255,1,0,left_only,1
24257,2,0,left_only,2
24258,1,0,left_only,1
24260,1,0,left_only,1
24261,1,0,left_only,1
24263,1,0,left_only,1
24265,1,0,left_only,1
24267,2,0,left_only,2
24269,2,0,left_only,2
24271,1,0,left_only,1
24272,1,0,left_only,1
24274,1,0,left_only,1
24275,1,0,left_only,1
24277,1,0,left_only,1
24279,1,0,left_only,1
24280,1,0,left_only,1
24282,1,0,left_only,1
24283,2,0,left_only,2
24284,1,0,left_only,1
24286,1,0,left_only,1
24289,1,0,left_only,1
24291,1,0,left_only,1
24294,1,0,left_only,1
24296,1,0,left_only,1
24298,2,0,left_only,2
24300,1,0,left_only,1
24301,1,0,left_only,1
24303,1,0,left_only,1
24305,2,0,left_only,2
24306,1,0,left_only,1
24308,1,0,left_only,1
24310,1,0,left_only,1
24311,1,0,left_only,1
24315,1,0,left_only,1
24317,1,0,left_only,1
24319,1,0,left_only,1
24321,1,0,left_only,1
24325,1,0,left_only,1
24327,1,0,left_only,1
24329,1,0,left_only,1
24332,1,0,left_only,1
24334,1,0,left_only,1
24336,1,0,left_only,1
24338,1,0,left_only,1
24339,1,0,left_only,1
24341,1,0,left_only,1
24342,1,0,left_only,1
24345,1,0,left_only,1
24348,1,0,left_only,1
24349,1,0,left_only,1
24350,2,0,left_only,2
24352,1,0,left_only,1
24356,1,0,left_only,1
24357,1,0,left_only,1
24359,1,0,left_only,1
24361,1,0,left_only,1
24363,1,0,left_only,1
24365,1,0,left_only,1
24366,1,0,left_only,1
24367,1,0,left_only,1
24368,1,0,left_only,1
24369,1,0,left_only,1
24371,1,0,left_only,1
24374,1,0,left_only,1
24377,1,0,left_only,1
24379,1,0,left_only,1
24380,1,0,left_only,1
24382,1,0,left_only,1
24383,3,0,left_only,3
24384,1,0,left_only,1
24387,1,0,left_only,1
24389,1,0,left_only,1
24391,1,0,left_only,1
24393,1,0,left_only,1
24394,1,0,left_only,1
24397,1,0,left_only,1
24398,1,0,left_only,1
24400,1,0,left_only,1
24402,1,0,left_only,1
24404,1,0,left_only,1
24406,1,0,left_only,1
24407,1,0,left_only,1
24411,2,0,left_only,2
24413,1,0,left_only,1
24417,1,0,left_only,1
24420,1,0,left_only,1
24422,1,0,left_only,1
24424,1,0,left_only,1
24426,1,0,left_only,1
24428,1,0,left_only,1
24430,1,0,left_only,1
24432,1,0,left_only,1
24433,1,0,left_only,1
24435,3,0,left_only,3
24437,1,0,left_only,1
24439,1,0,left_only,1
24441,1,0,left_only,1
24443,1,0,left_only,1
24447,1,0,left_only,1
24449,1,0,left_only,1
24451,1,0,left_only,1
24453,1,0,left_only,1
24454,1,0,left_only,1
24456,1,0,left_only,1
24457,1,0,left_only,1
24458,1,0,left_only,1
24459,1,0,left_only,1
24462,1,0,left_only,1
24463,1,0,left_only,1
24465,1,0,left_only,1
24467,1,0,left_only,1
24469,1,0,left_only,1
24470,1,0,left_only,1
24471,2,0,left_only,2
24473,1,0,left_only,1
24474,1,0,left_only,1
24476,2,0,left_only,2
24477,1,0,left_only,1
24480,1,0,left_only,1
24483,1,0,left_only,1
24484,1,0,left_only,1
24486,1,0,left_only,1
24488,1,0,left_only,1
24490,1,0,left_only,1
24491,1,0,left_only,1
24493,1,0,left_only,1
24495,4,0,left_only,4
24497,1,0,left_only,1
24499,1,0,left_only,1
24501,2,0,left_only,2
24502,1,0,left_only,1
24504,1,0,left_only,1
24505,1,0,left_only,1
24508,1,0,left_only,1
24510,1,0,left_only,1
24514,1,0,left_only,1
24515,1,0,left_only,1
24517,1,0,left_only,1
24518,1,0,left_only,1
24521,1,0,left_only,1
24523,1,0,left_only,1
24524,1,0,left_only,1
24526,1,0,left_only,1
24528,2,0,left_only,2
24529,1,0,left_only,1
24531,1,0,left_only,1
24532,1,0,left_only,1
24534,1,0,left_only,1
24536,1,0,left_only,1
24538,1,0,left_only,1
24540,1,0,left_only,1
24542,1,0,left_only,1
24543,2,0,left_only,2
24544,1,0,left_only,1
24546,1,0,left_only,1
24547,1,0,left_only,1
24549,1,0,left_only,1
24551,1,0,left_only,1
24552,1,0,left_only,1
24554,1,0,left_only,1
24555,1,0,left_only,1
24558,1,0,left_only,1
24560,1,0,left_only,1
24562,1,0,left_only,1
24563,2,0,left_only,2
24565,2,0,left_only,2
24567,1,0,left_only,1
24571,1,0,left_only,1
24572,1,0,left_only,1
24573,1,0,left_only,1
24574,1,0,left_only,1
24576,1,0,left_only,1
24578,1,0,left_only,1
24580,2,0,left_only,2
24582,1,0,left_only,1
24584,1,0,left_only,1
24585,2,0,left_only,2
24586,1,0,left_only,1
24590,1,0,left_only,1
24592,1,0,left_only,1
24593,1,0,left_only,1
24595,1,0,left_only,1
24596,1,0,left_only,1
24599,1,0,left_only,1
24601,1,0,left_only,1
24603,1,0,left_only,1
24606,1,0,left_only,1
24608,1,0,left_only,1
24610,1,0,left_only,1
24612,1,0,left_only,1
24614,1,0,left_only,1
24615,1,0,left_only,1
24617,1,0,left_only,1
24619,1,0,left_only,1
24621,1,0,left_only,1
24624,1,0,left_only,1
24625,1,0,left_only,1
24627,1,0,left_only,1
24628,1,0,left_only,1
24630,1,0,left_only,1
24632,1,0,left_only,1
24636,1,0,left_only,1
24638,1,0,left_only,1
24640,1,0,left_only,1
24642,1,0,left_only,1
24644,1,0,left_only,1
24647,1,0,left_only,1
24649,1,0,left_only,1
24651,1,0,left_only,1
24652,1,0,left_only,1
24653,1,0,left_only,1
24654,1,0,left_only,1
24656,1,0,left_only,1
24657,1,0,left_only,1
24659,1,0,left_only,1
24660,1,0,left_only,1
24662,1,0,left_only,1
24663,1,0,left_only,1
24665,1,0,left_only,1
24667,1,0,left_only,1
24669,1,0,left_only,1
24672,1,0,left_only,1
24675,1,0,left_only,1
24677,1,0,left_only,1
24679,1,0,left_only,1
24680,1,0,left_only,1
24681,1,0,left_only,1
24682,2,0,left_only,2
24683,1,0,left_only,1
24685,1,0,left_only,1
24686,1,0,left_only,1
24688,1,0,left_only,1
24689,1,0,left_only,1
24692,1,0,left_only,1
24693,1,0,left_only,1
24696,1,0,left_only,1
24697,2,0,left_only,2
24699,1,0,left_only,1
24701,1,0,left_only,1
24702,1,0,left_only,1
24704,1,0,left_only,1
24706,1,0,left_only,1
24707,2,0,left_only,2
24709,1,0,left_only,1
24710,1,0,left_only,1
24712,1,0,left_only,1
24714,1,0,left_only,1
24715,1,0,left_only,1
24717,1,0,left_only,1
24719,1,0,left_only,1
24722,1,0,left_only,1
24724,1,0,left_only,1
24725,1,0,left_only,1
24726,1,0,left_only,1
24728,1,0,left_only,1
24730,1,0,left_only,1
24731,1,0,left_only,1
24734,1,0,left_only,1
24736,1,0,left_only,1
24740,1,0,left_only,1
24741,1,0,left_only,1
24743,1,0,left_only,1
24744,1,0,left_only,1
24745,1,0,left_only,1
24746,1,0,left_only,1
24747,1,0,left_only,1
24748,2,0,left_only,2
24751,1,0,left_only,1
24753,1,0,left_only,1
24755,1,0,left_only,1
24758,1,0,left_only,1
24760,1,0,left_only,1
24761,1,0,left_only,1
24762,1,0,left_only,1
24763,1,0,left_only,1
24765,1,0,left_only,1
24766,1,0,left_only,1
24768,1,0,left_only,1
24769,1,0,left_only,1
24772,1,0,left_only,1
24774,1,0,left_only,1
24776,2,0,left_only,2
24778,1,0,left_only,1
24784,1,0,left_only,1
24786,1,0,left_only,1
24788,1,0,left_only,1
24790,1,0,left_only,1
24791,1,0,left_only,1
24795,1,0,left_only,1
24796,1,0,left_only,1
24797,1,0,left_only,1
24798,2,0,left_only,2
24800,1,0,left_only,1
24802,1,0,left_only,1
24804,1,0,left_only,1
24805,1,0,left_only,1
24806,1,0,left_only,1
24808,1,0,left_only,1
24811,1,0,left_only,1
24813,1,0,left_only,1
24815,2,0,left_only,2
24816,1,0,left_only,1
24818,1,0,left_only,1
24820,1,0,left_only,1
24822,1,0,left_only,1
24824,1,0,left_only,1
24825,1,0,left_only,1
24826,1,0,left_only,1
24831,1,0,left_only,1
24832,1,0,left_only,1
24834,1,0,left_only,1
24836,1,0,left_only,1
24837,1,0,left_only,1
24839,1,0,left_only,1
24840,1,0,left_only,1
24841,1,0,left_only,1
24843,1,0,left_only,1
24844,1,0,left_only,1
24846,1,0,left_only,1
24847,1,0,left_only,1
24848,1,0,left_only,1
24849,1,0,left_only,1
24851,1,0,left_only,1
24853,2,0,left_only,2
24854,1,0,left_only,1
24855,1,0,left_only,1
24856,1,0,left_only,1
24859,1,0,left_only,1
24861,2,0,left_only,2
24862,1,0,left_only,1
24863,2,0,left_only,2
24866,1,0,left_only,1
24867,1,0,left_only,1
24869,1,0,left_only,1
24873,1,0,left_only,1
24876,1,0,left_only,1
24878,1,0,left_only,1
24879,1,0,left_only,1
24883,1,0,left_only,1
24885,1,0,left_only,1
24887,1,0,left_only,1
24889,1,0,left_only,1
24891,1,0,left_only,1
24892,1,0,left_only,1
24899,1,0,left_only,1
24900,1,0,left_only,1
24901,1,0,left_only,1
24902,1,0,left_only,1
24903,1,0,left_only,1
24904,1,0,left_only,1
24905,1,0,left_only,1
24907,1,0,left_only,1
24910,1,0,left_only,1
24912,1,0,left_only,1
24913,1,0,left_only,1
24914,1,0,left_only,1
24917,1,0,left_only,1
24919,1,0,left_only,1
24922,2,0,left_only,2
24923,1,0,left_only,1
24925,1,0,left_only,1
24927,1,0,left_only,1
24928,1,0,left_only,1
24929,1,0,left_only,1
24930,1,0,left_only,1
24934,1,0,left_only,1
24938,1,0,left_only,1
24941,1,0,left_only,1
24944,1,0,left_only,1
24945,2,0,left_only,2
24947,1,0,left_only,1
24948,1,0,left_only,1
26908,1,0,left_only,1
93062,1,0,left_only,1
128578,1,0,left_only,1
131953,1,0,left_only,1
158991,1,0,left_only,1
1004967,1,0,left_only,1
1039376,1,0,left_only,1
1043837,1,0,left_only,1
1048354,1,0,left_only,1
1067938,1,0,left_only,1
1068322,1,0,left_only,1
1102749,1,0,left_only,1
1143901,1,0,left_only,1
1157992,1,0,left_only,1
1159863,1,0,left_only,1
1160043,1,0,left_only,1
2220367,0,24,right_only,-24
2227533,0,25,right_only,-25
2262511,0,66,right_only,-66
2277846,0,23,right_only,-23
2282134,0,36,right_only,-36
2286775,0,21,right_only,-21
4114382,1,0,left_only,1
4124801,1,0,left_only,1
4126524,1,0,left_only,1
4136585,1,0,left_only,1
4158255,2,1,both,1
4186466,1,0,left_only,1
5068217,1,0,left_only,1
